rep,T_12,T_HN,T_Yor,T_OOA,T_Bas,N_Anc,N_1,N_2,N_Vin,N_Yor,N_OOA,N_Los,m_12,p_H_N,p_N_OOA,p_LosStu,p_2Yor,p_2Bas
0,1544817.9596067958,774130.4303793439,87960.1770899819,50000.00000000001,19907.75041539151,12561.51345381765,13506.17384298357,5724.7326518543805,2435.5544331830138,251777.4463469105,916.3103681633472,1225.1953612773348,2.154026483914103e-05,0.2,0.02214045818491748,0.2527854319531735,0.17507572890221026,0.3847983622973518
1,1760025.6291116923,827778.4155751168,50256.45097212501,50256.45097201073,20724.942227926284,10787.234425870049,16230.90619173439,5534.91193160387,2447.8790108762328,189889.1726353835,116.55377926260218,1304.2977712574655,2.168245329595004e-05,0.1999999999999701,0.02137429258350378,0.2646680192585882,0.12730443269269495,0.3940923980716142
2,1092208.7272463434,955961.8409619798,66269.64341389854,50745.56156149041,21039.1436106932,13220.985106147538,11820.521466911547,9220.171799900569,2460.433448677664,150518.23499774086,105.65730377120553,1511.9807110078148,9.257839451840344e-06,0.19999999999983015,0.021299229552689956,0.23212583571838372,0.33018036565310743,0.39072278965949564
3,1648163.1798695896,748443.051830256,91286.6439605309,50000.00000000001,20158.44134864799,12426.943932288423,13019.791540602831,5690.6880457066545,2431.819027417228,229981.3729235738,1158.3754562966058,1223.8108799329864,2.2676564522918677e-05,0.2,0.021927304903676753,0.2585008655587382,0.17712430808771185,0.3872302905450541
4,1429028.0232762815,810593.4827512879,70505.78630405024,50000.00000000001,21447.786267183677,12662.21216659236,14246.39922747276,5937.32606734603,2446.162976758347,637584.6818835817,756.3926755296827,1224.1754207563627,1.8971712529193672e-05,0.2,0.02098607710893261,0.2535230382052807,0.17245314785143265,0.3591629702015013
5,1143699.7328456687,951026.9200547595,51573.44485440512,51573.44485440503,20462.77487251277,12875.668922224768,13233.092407956356,8559.530571663056,2460.9095566530705,154368.69662338417,288.8694502045685,1429.7410889093844,1.1140369300569768e-05,0.19999999999807516,0.021322607935514624,0.20522843942371874,0.2875935044531704,0.36915850221550744
6,1492457.765898224,759344.0640330991,103145.07648112225,51677.97383167273,21690.72135381436,12691.340622710106,11299.213074533705,7430.539189801876,2434.4972258732514,216764.11227404166,164.13517265873588,1731.17584005635,2.4855788369269886e-05,0.2,0.02090139539523847,0.29906093324108834,0.24125285721370662,0.4538440504890795
7,1108973.6585115278,933842.9316009508,51198.871907598754,51198.87190746234,27156.225096648574,13274.265189279553,13501.810544482296,8165.908297664455,2456.7230634755415,153301.6593582023,100.00000000116667,1809.831397213802,1.1309220835632858e-05,0.1999999999997543,0.021173036498148144,0.3656609712169469,0.2807935330263757,0.48254234067744217
8,1746902.1814742605,870081.2646832059,51938.69292417135,51938.692924093855,22834.5921971066,10145.128953862044,15716.906481580632,6125.6678529306055,2457.904385802775,203099.27737480027,977.563258113891,1296.665869062511,2.004620849538567e-05,0.19999999999980536,0.021377538598699227,0.274690614779592,0.14962492103828237,0.3678467708927241
9,1477809.2755981523,696717.198117499,81837.13241189142,50277.685318225704,18572.80586755118,13754.586722918986,11904.837240823503,6293.869249391869,2412.819140118702,566261.7614292912,189.39799668314404,1270.1263734605066,2.3258353374201733e-05,0.2,0.021709418215976266,0.17507982033076927,0.20018310868616063,0.3556577488452967
10,1745141.8403271236,848096.2464859786,50207.11346635289,50207.040615831786,19348.97490113484,10316.41187381147,15190.673599223332,6592.708400503218,2455.482603739021,190285.62708595063,100.00000000027937,1298.4919519165337,2.1521632304919516e-05,0.19999999999989607,0.021471181827376926,0.18097443674489505,0.1619223855455848,0.3498833881422249
11,1111100.6398696788,956159.6789155266,51512.65726851939,51512.65726851738,48000.00000000151,13171.482355074075,14094.211849498306,8348.25992960792,2453.619008953634,176474.89716013457,116.86378292579786,1884.0301546848018,9.227042374767354e-06,0.19999999999987172,0.021385300569816024,0.4722538518242032,0.2390219559557199,0.4096271942985151
12,1318403.9287173427,727011.1913080171,146006.19226935608,50800.441541041044,28642.69905779239,14227.667004308314,9232.733249399324,6997.746285915905,2427.276524725842,202007.69063075373,104.90661917992144,1570.2394812417383,2.2322076498449076e-05,0.2,0.021578108824187935,0.40594345244724916,0.2825483369273018,0.483485798831104
13,1527219.2693944934,671296.5085100699,103968.07945555825,50205.413281003144,20468.856718980423,13795.722559222959,10355.074113912553,6548.273201560298,2410.985788977875,154732.8809633221,144.65189541263422,1272.8690964142372,2.3688491482387412e-05,0.2,0.02141597840482449,0.22133049379827444,0.23760252952508074,0.3598672606682609
14,1118708.1718487106,898140.1741080886,71564.06186495541,50000.00000000001,20890.657930607747,13632.007429104387,13746.036351686347,6622.089471707387,2454.4389932394874,246557.30036123923,896.4106816295015,1219.4103356982291,1.1709958172848194e-05,0.2,0.021116707423595917,0.2524035472849527,0.24604583835692515,0.36912123249263046
15,1168112.523199822,891467.2981746661,75506.62931693323,50000.00000000001,19561.09679808631,13297.159110567403,11518.606331298133,8808.728477469836,2464.0155065528634,435307.74019078474,1030.129038424146,1217.7417399133426,1.312845093459185e-05,0.2,0.02187738448262301,0.15606243683210072,0.2965923556594607,0.3203431455076608
16,1080233.9838826,975537.4958856646,54642.35498552396,54642.35498498264,48000.00000000612,13166.798179862335,12472.86480959679,9924.121971985429,2453.7917653562363,173119.86705149282,318.9207295786018,2020.5432963910507,8.607603724847256e-06,0.19999999999999987,0.021437482705417375,0.4812312130254648,0.30018679200811776,0.4864451246058283
17,1142813.868272286,950859.584619344,51236.42963531047,51236.42963486878,21298.56530965562,12873.18277397793,13170.582668148287,8726.318726192945,2460.7364356410753,158636.79643012446,155.53557505412272,1557.0309303773442,1.1453793966938792e-05,0.19999999999998186,0.02130593479834138,0.22884766821539182,0.2900575019621945,0.38821864775486126
18,1172474.473530788,976604.3581801375,51968.06458219448,51968.06458219438,24754.4216406632,12429.165816305567,12529.914857797612,9503.392378931392,2465.0669509530785,153962.68825792705,219.92901014135225,1610.6487815986854,1.07928322589822e-05,0.19999999999937057,0.02125386124492546,0.287779546368484,0.30911191800002774,0.40479355420835056
19,1381956.8576934466,820840.2117678603,123446.75994612863,60709.221414222055,48000.00000000049,13361.736287938162,12346.769394096907,7974.004667507182,2434.310789465246,273949.7263216991,1139.8585861238741,1673.5387856687232,1.1666549729160305e-05,0.2,0.02126408143730053,0.45358276150611193,0.1190864515156356,0.17851437217891983
20,1156115.7351166655,982319.1295601621,53994.09560743962,53994.095607386684,28576.90366869895,12511.188339665036,13335.377320392152,8592.617046006117,2461.5973515891146,172991.76443802257,352.44632045159625,1771.9885226324434,1.0296047647778587e-05,0.19999999999862828,0.021184925163963985,0.37284273771179355,0.2921678508149497,0.4706874808435352
21,1095767.9697730087,960401.9108765757,71014.01081753551,52048.346248550195,18442.559593419865,13166.937291708513,11437.72367693772,9443.044137290766,2461.7230754333236,163339.59701804438,524.6790406281741,1365.972369759803,9.092019362793057e-06,0.1999999999999985,0.02147015107891479,0.13855357136252686,0.33893617420850586,0.3457471217554918
22,1338006.1976744272,841057.9876113014,58609.19633394513,50000.00000000001,22153.76347841259,12959.275605791796,16052.501894155375,5000.000000000004,2448.8457249299518,649215.2780558236,806.6956696754982,1224.5500300477877,1.702557106094671e-05,0.2,0.021291392502682242,0.30172385826698667,0.14608207489057584,0.38857742948874563
23,1533366.891341224,840448.3164631847,76357.405460345,50000.00000000001,20797.79698731443,11361.847619517514,11987.321371256565,8124.142099531119,2464.245432538748,173438.56763559487,611.4291918160229,1224.431231682873,1.8877197189216e-05,0.2,0.021481308599534326,0.17870383917650992,0.2464688943389507,0.311822833636509
24,1102100.9270145441,953929.7068676072,65737.35608051499,50630.165924260335,19814.52283965029,13164.406074791608,11682.633803564411,9447.373235538213,2461.7655904466305,153094.46783754005,105.6459495473985,1458.0029250027048,9.714246756592934e-06,0.1999999999998601,0.02135966494971553,0.18261746544053456,0.3316981392105079,0.36468328179554493
25,1237280.284108849,675234.2622717866,92482.58162413882,50593.322543140675,20213.795051950678,15107.132510381329,10382.987306227038,7143.877284219679,2410.480508325007,139298.32135771625,122.80217473475979,1407.6499103091362,2.2706833211030704e-05,0.2,0.021175369804409674,0.22328275019569052,0.2577618800600396,0.3852699872032461
26,1162861.139236856,988963.1233028172,54598.326287565025,54598.326287345444,24105.387797840158,12377.001359992766,11035.363328775464,11087.776541638064,2467.857293672402,158170.85412797803,419.51254793636093,1736.4563788586172,1.038276691339622e-05,0.19999999999989904,0.02131169547623914,0.2557228985098232,0.3531146330179892,0.3978058425942114
27,1097996.394912107,943157.9604466346,70871.51232699721,50271.86936457719,19489.716369476177,13313.36218675719,12503.916264543992,8239.921283863878,2459.1524840679253,163034.16130651667,105.63973729455955,1312.6640376962082,9.773285768239212e-06,0.19999999999870452,0.021385847274523178,0.20356190430062007,0.3043651749708977,0.36756489528336705
28,1146468.410322181,929120.2532441955,50993.26762384813,50993.267623844506,24556.71002929302,13025.7583613395,12121.97093419051,9636.369641567251,2463.1386557887204,144736.61501262817,100.0000000000107,1666.2821231409305,1.2188577253499222e-05,0.19999999999999687,0.021234101356663808,0.2766652243878143,0.30973711495054923,0.40467940642435435
29,1103666.718359539,904573.119914228,50829.57997083375,50829.5799704994,22472.50737049329,13591.80537466618,14200.827104135476,7301.49949230435,2453.458770891218,156472.50220007476,100.0000000001116,1577.7314736225833,1.241794946354358e-05,0.19999999999993814,0.021194289709363125,0.29891307394954686,0.2522271801064255,0.4357028982353673
