T_NH,T_H_N,T_OOA,T_UL,T_LS,T_L_S,N_Anc,N_Vin,N_H,N_Yor,N_OOA,N_Stu,N_Ust,N_Los,p_H_N,p_N_OOA,p_L_S,m_SY,m_LY,m_LS
794939.665949484,187060.46796472702,65721.63193682945,45000.000000425964,55677.433530379545,7000.0000000578575,15701.341259967206,2159.956148604868,33177.41290131671,8742.478065232624,575.4538327133189,6285.185656288268,9991.26981119896,978.8573480821849,0.08138471494033131,0.03905441513197527,0.3301990012492611,1.0000000009232456e-08,0.0001506220312986117,1.000000001279476e-08
839902.5258937092,159764.19392851728,66080.88727686265,45000.000000000065,59912.92792987987,7000.000000006155,15143.826623850322,2299.6202409121456,35097.03404145109,8929.055339147106,374.5955173034334,3736.1867518629324,1781.2692121098228,1068.2172410134597,0.06514562873253237,0.04166178000857472,0.3678858692184661,1.0000000004998722e-08,0.00014614848989617647,1.0000000160807387e-08
846748.3829648317,204925.0158647369,79446.09027258611,45023.19146509137,58837.01568373299,7000.000000045447,14873.495945394205,2390.215529061162,37431.44620996475,9285.996431399357,1025.2192103901778,7537.188874229351,35.105899616756446,1105.223924924364,0.07479921440316076,0.03355838595228431,0.3297871239422525,1.0000000029436063e-08,0.0001506026635227565,1.0000002216014019e-08
794290.2133949972,181686.15062011426,82167.88193571792,45000.000000032116,59989.9908520547,7000.000000060108,16027.179199306942,2275.2970735401823,36383.079827052985,9160.508856201057,1149.5040465205357,5706.463202654362,9649.680326571699,1052.8930402505757,0.0684488052987847,0.03852373193103682,0.3586480385411791,1.0000000010403749e-08,0.00015816678816181248,1.0000000152671601e-08
791439.7850353708,191521.72102067727,71063.99606755908,45000.0000004079,57623.12145047564,7000.000000031185,15721.857477418562,2253.1356616954263,35987.0951511173,7862.278457568747,731.1534944920293,6071.723354264026,9938.994983204588,971.7726762710856,0.07584051202036302,0.0377127114485553,0.3301762799220736,1.0000000006183445e-08,0.00016357017151424764,1.0000000623426503e-08
808361.4363547862,154681.14415577325,75732.61628066131,45000.000000197906,56470.80217279987,7000.000000049054,15820.155960770324,2290.7049138393663,34832.873345893844,10536.459489247376,1045.0264052392859,5975.502955488223,9835.161752165295,1011.1717670065098,0.05531573050477133,0.03833193876301355,0.3395126506690493,1.0000000008705019e-08,0.00014914511629408894,1.0000000000532782e-08
828542.3933656056,263563.72423229914,71501.09705082896,45000.00000003883,59452.88805696347,7000.000000042202,15192.854568536908,2408.8513226386367,35012.85576065416,8030.2937726981745,672.053266172301,6982.739909732139,9648.671947216462,989.0287532894376,0.12553501537468667,0.03694452395687177,0.3331664481715413,1.0000000002512533e-08,0.00016140847271991303,1.0000000083655803e-08
825684.396051745,163786.33282625888,75722.02517554817,45000.00000009231,59936.579815910256,7000.000000043284,15107.700925821138,2263.039652886435,37680.63295040481,8461.777180487712,855.1473267901557,3660.8767133963197,9900.987383384812,860.0438256847282,0.06521916326167937,0.03988432133568535,0.3273500875583437,1.0000000002250626e-08,0.00017716210368784897,6.780762387459174e-05
741611.6991568164,161120.08885437183,80112.60947194869,45000.000000361375,58756.54859586731,7000.000000058242,16063.369101137794,2201.348066323175,34540.13063437167,8516.672769820143,1080.7193775494095,5723.555790036386,9999.517843035555,1077.8906652057615,0.05623049723710166,0.03159254672572498,0.3954283038710602,1.000000000437142e-08,0.00014625847815480806,1.000000014141799e-08
829276.9768106003,144800.30821250108,76921.62406191013,45000.000000000065,61110.52706919939,7000.000000047561,14998.83490266153,2190.8045217933886,38833.79094674571,7801.20611651245,818.5970731100426,3941.527428017492,223.4846335633255,1001.226591258497,0.055794703626101366,0.031165296740469146,0.37846397880930954,1.0000000084739878e-08,0.00017134075914171208,1.3560797491912691e-05
792660.2227184532,153391.24779626622,89102.70265327326,45000.00000019407,57160.60720756236,7000.000000026709,15796.751274801887,2164.3503318824787,33332.64002109573,11056.264106196575,1578.5090300293218,5174.995807812692,9967.415204379762,1144.7175137100487,0.06596347851458374,0.04081576773499893,0.3106050490142554,1.0000000003140545e-08,0.00012524799720866733,1.0000000259881774e-08
849315.6285767622,227461.76845530877,84056.76876471663,45000.00000014475,59796.04396184536,7000.000000007087,14901.67720758917,2341.3633189284055,37882.63111131757,8868.08813016018,1272.0804202745428,6441.267322817039,9895.953792950711,1064.2622296915636,0.09992543923506447,0.03916893469591052,0.34413943842716843,1.0000000018806841e-08,0.00015404499069867063,1.0000000068322078e-08
805385.4855680881,215145.67971141572,133934.790917932,45000.000000032756,59664.862901031636,7000.000000015866,16031.193153259566,2122.7383287203374,36346.51101795407,12101.395097584831,2925.3034090374745,4863.606834946873,9694.421477063108,1101.958279495248,0.12651256181319206,0.03704382330478625,0.3605379848705527,1.0000000025907046e-08,0.00014205673412171795,1.0000000151805912e-08
792978.8672042394,156517.65959520784,74012.06828346892,45000.00000039015,61244.86327733947,7000.000000028424,15858.142359010712,2184.588666860836,35497.51253308645,10152.767960134777,751.9636786426997,4686.7657264508125,9983.039165317019,963.605468662336,0.05809370456947389,0.041384219803303236,0.3478772325210527,1.0000000019742874e-08,0.00015349303375381606,4.0420096029512226e-05
777270.2079640798,141070.4984748089,72284.91781862073,45000.00000000254,59434.76861007914,7000.000000063999,16220.924945176554,2280.9393979445467,36405.3872005071,8833.687042001218,724.1754301914588,4473.596946028519,9763.364475324644,1025.2826222589204,0.048635509119074584,0.02967976543829326,0.35092522004069315,1.00000000046896e-08,0.00015802396333842536,1.902235991724439e-05
822505.5470910869,171294.70803453552,71994.13126732143,45000.00000022237,61057.96431488385,7000.0000000484815,15221.492319032786,2128.830783735872,38817.488656727684,8400.526983391914,556.7327951105276,4604.914818590302,9807.47737343084,1053.118583827991,0.07853364350889673,0.039455956796070196,0.3696540504864335,1.0000000006608136e-08,0.00016928168330533118,1.000000016765439e-08
759291.3811385547,230445.58313239174,71041.65039722476,45000.000000206295,60027.40064365192,7000.000000039827,16438.688383564317,2146.6734499058875,33957.39130861128,7723.86804083081,569.3719328364538,4341.9217134887085,9941.447922838555,1005.9587607097906,0.13203314414711817,0.04999999999962513,0.3706356183893654,1.0000000046059956e-08,0.00017789818892033864,6.207794519018448e-06
818093.1840261372,230931.70907709235,72705.05448175731,45000.000000371605,59280.439926621795,7000.000000021038,15960.899952645857,2189.052551304311,35235.00410248641,8663.834546693883,712.1545388636798,4849.83574087606,9994.846022072965,1109.794452525271,0.13838310930472034,0.03334740943697604,0.3659004644148872,1.0000000003777938e-08,0.00015949440705038826,1.000000009123701e-08
804005.4172048309,225598.00393300562,89662.337554918,45002.72952563079,56126.64611398152,7000.00000004122,16058.01681618921,2165.3461291868803,31995.21560485725,12336.333294723496,1715.2835132150813,5299.076717254425,10.000000000289353,1073.0710173524196,0.13776921635339506,0.03488843939765156,0.3151728464260068,1.0000000029081502e-08,0.00013304263600947836,1.4319966034992607e-05
828095.267700067,175259.3075807372,69192.86719092821,45000.00000001781,60388.352509507924,7000.000000035761,15557.018806183372,2165.609681108133,38699.23809024337,7765.070077430471,477.6367132534364,3712.710621977773,8734.665863911288,857.8332898703956,0.07697086112893942,0.040299230128776106,0.33473081462088794,1.0000000020478215e-08,0.0001897081928229888,4.025047144875216e-05
815592.0948543614,188387.97547684918,70223.22439683745,45000.0000001493,57771.908950346944,7000.00000000751,15747.45902758997,2281.4532901808643,33188.6857015545,9266.387771134567,740.0497469559388,5648.603616192452,9474.312392460644,1125.3805404414663,0.09028277912017099,0.03421134205309973,0.3623906565215963,1.0000000084991339e-08,0.0001421569536241683,1.0000000224614482e-08
847871.5146448233,168287.86499619664,115603.08553555657,45000.00000035202,58178.54671326457,7000.000000009847,15290.930927651654,2096.471494899569,38246.12049631584,10879.526015759026,2199.9233606201483,4455.945591455616,9998.347501994196,1075.9568319632697,0.08309090385179183,0.03810228035492495,0.3381272805139709,1.000000000434179e-08,0.00014958282540250957,3.284259195524435e-06
852159.7463365401,236787.72928248957,72571.91407657717,45000.00000041477,58396.68789878208,7000.000000043097,14908.819947552942,2287.899465388072,38359.70788764031,8814.531327274546,714.7304216068072,4291.845422383328,9989.041346364082,952.4291178391642,0.11679589695323804,0.03831816259458302,0.38123679945756017,1.000000001622448e-08,0.00018028597564382067,1.7858586778129795e-07
784839.3145093842,197860.56315405658,69500.48707386307,45000.000000270644,61483.66582053803,7000.000000050036,15489.798584594284,2160.357730688029,34503.311380614876,8100.20957316987,434.8021216583593,4249.386504319932,9996.099286762477,1047.33829730564,0.0990440268723363,0.04606694002664183,0.3679162158969577,1.0000000026308858e-08,0.00016457212842231384,1.6739428096262277e-05
801245.6759037126,175986.14510944457,84681.01545624556,45000.00000017704,58959.13676093045,7000.0000000472755,16028.504291546695,2230.9108544103374,35662.03345283511,9899.324339435752,1356.4756255264326,6752.552763004712,9997.866657956576,1012.7120216269161,0.07885336230545963,0.039426734256442095,0.345540105094471,1.0000000017988154e-08,0.0001485281643727032,1.00000000014394e-08
803685.9167662694,150513.87528015926,67517.80238255899,45000.00000001501,59676.040078199425,7000.000000040697,15773.324273716566,2173.174813472148,35586.48643706074,8560.549403393248,434.2888157668196,5347.667439428354,9780.511406683398,1000.1307335186998,0.06302838762684441,0.04257805965965786,0.3527930722749559,1.0000000006298554e-08,0.00015689234659138203,1.0000000157318693e-08
892207.8321235268,181502.77429580665,66852.54858319777,45000.00000014043,55427.597312925325,7000.000000064062,14943.930524633937,2055.9151188787982,35002.87657170928,10262.6911035815,697.9727512946578,7847.03478957327,9899.149590932606,1103.405462977314,0.09478280090357531,0.04355757427470318,0.3160183812821486,1.000000001344441e-08,0.00013045468329573082,1.0000000140702367e-08
872337.581047143,157693.00075759558,73100.23201418086,45000.000000007814,57523.269904194494,7000.0000000447635,14599.733995186521,2060.091048931231,35293.00588987851,10792.688750197676,997.0739117854874,4374.6742261517775,9915.383943272624,1096.310821879451,0.06288761419510654,0.03697383597236921,0.3256148209480049,1.0000000030836756e-08,0.00013231810353680733,2.496017576962793e-05
833816.3463671764,173273.82155379822,71065.53532068332,45000.00000033252,59232.97473617244,7000.000000027654,15317.664160928662,1975.0915331645472,35225.731506471544,9063.314013932975,694.0747754488181,5054.508409599337,9984.669684409793,1016.2113431379172,0.10039278510344747,0.042215890673003395,0.34784365739216166,1.000000001272527e-08,0.0001564902121091184,1.0000000085291366e-08
788591.6338699568,226409.73888616706,99333.13661980005,45000.00000014707,56570.33799964588,7000.000000003531,16025.24469255728,2166.7255720962576,32158.206081074757,11838.576533761034,1997.4043868157332,6473.67491780197,9882.557019518528,1119.7807738712406,0.12139599458102307,0.037662977399025,0.28864045660420334,1.0000000022293972e-08,0.00012292495263959284,1.000000007565296e-08
816618.1992607508,189004.61578447476,67397.34670125302,45000.000000205975,57139.086760859784,7000.000000055918,15695.227854341874,2169.574084628284,33765.345109248374,9705.965293397856,598.3723629516259,5691.9390327513765,9959.859875839622,1094.2774732575904,0.09331838446773447,0.03366828062165599,0.32290888768665305,1.0000000007856845e-08,0.00014436286678300104,1.0000000000971686e-08
790985.5571266429,173605.66259371827,83228.06504951346,45000.00000044363,60227.634492516096,7000.000000060394,16038.006435237634,2063.9344019949062,33650.52630794729,10344.187877870592,1132.9182846805895,5462.701508286792,9950.863607167714,1092.5780060733484,0.08388853159233017,0.03511321961373825,0.30939073886690377,1.0000000021942288e-08,0.00013947207972953452,1.0000000285758675e-08
833624.8014834408,200078.74973652617,64856.69121652445,45000.00000030358,56879.730031634965,7000.000000003568,15373.042681602841,1933.9681209666003,34539.926702964876,7704.817707398342,456.9869405184492,6180.071052318275,9993.134914740209,1014.1925785906903,0.11780868528317219,0.033929111048101826,0.29840483251710764,1.0000000000328573e-08,0.00015590631383425406,1.0000000233404498e-08
815240.614531039,191048.76498426127,83729.3991152865,45000.00000046649,56866.84424691312,7000.0000000494765,15839.211395282304,2399.2452949702583,32995.32746348301,13313.468768434594,1576.7861187519693,4299.10336178097,9997.960861805976,1210.8115629141535,0.06903848750371049,0.03688780903917292,0.32222489753104927,1.0000000000449507e-08,0.00011095794374000497,1.000000031690933e-08
758586.1816026049,196433.15220645475,69648.6162423932,45000.0000003856,60548.62763680723,7000.000000041754,16412.662354001262,2267.5484445241486,35579.495425004585,8235.611473693787,475.37559343154317,7243.895046349142,9939.744281548443,989.149153110338,0.07330068993219765,0.034557094538219105,0.3463131148517555,1.0000000011492869e-08,0.00016954929087993048,1.0000000125927803e-08
823402.6795800622,186751.0335080967,78523.18441378968,45000.000000075044,58331.86827134005,7000.0000000046875,16217.037810721267,1996.3119579104366,33261.57696822385,12120.509755677165,1134.4453524244484,4160.569534289186,9768.613328161393,1192.9309320532302,0.11920972976756425,0.03228662998764589,0.3611788990722516,1.000000001073916e-08,0.00013501312085437383,1.0000000091049817e-08
827261.5260938709,183389.79126648314,88497.85190418042,45000.000000436674,61827.83601781216,7000.000000034592,15165.059001601363,2166.2572339114254,38926.83796154245,8957.358186319518,1228.9592069488733,4011.292719074016,9962.647883823514,1024.7133439200309,0.0853203695317446,0.04112884872599637,0.36048188074607956,1.000000001174099e-08,0.00016629516819837526,2.0291220707384243e-05
808859.7250688752,181414.59703774148,79161.7241177291,45000.00000005522,58696.98883430328,7000.000000043135,15407.131906363657,2086.785877073808,36026.37479226359,8757.70287799558,1149.4618743538158,4296.563081810263,9836.635631881414,1030.1842728183979,0.09121009287197229,0.03296186638041214,0.3453285634181729,1.0000000009120118e-08,0.0001588509029178334,3.224851808111782e-05
771659.6648674246,197604.35505965067,72005.17115130056,45000.00000021301,59309.27451269458,7000.0000000167365,16150.932688504568,2197.8085373509666,35313.57791786362,8318.860919729312,653.0320198742372,5552.270000205032,9951.901420428016,1007.1893369054268,0.08657997814238202,0.03336107604537851,0.3312442647843584,1.0000000010934489e-08,0.0001568471278345114,1.00000000585049e-08
842337.5459071717,212719.29114223586,63539.57364579644,45000.00000022404,59662.87197463936,7000.0000000178925,15140.010317352673,2378.1209437236143,36144.06522618567,8273.831179419469,239.88342912534574,3953.4434373993768,9885.449498615826,1040.5591552933115,0.08332944366621954,0.03064378879865207,0.3400699970438252,1.000000002310161e-08,0.00015100784999992219,2.8552603608184947e-05
770574.6363115069,143268.78404597365,78316.43884924638,45000.0000000063,57196.22734683441,7000.00000000036,16112.653266776251,2185.0012087062464,32880.519978644385,10584.062662946752,1193.576704933408,5393.223989780689,9021.02659755634,1022.0258163314257,0.05653861213806366,0.038061712394809204,0.28916280366380887,1.0000000018264094e-08,0.00013282280866383758,2.5946539643166716e-05
845489.2265889425,206718.64990620138,79785.64420460424,45000.0000000589,60926.94851946463,7000.000000009623,15172.864892085448,2112.1896230197904,34635.77666913387,8774.180536915985,1017.0497503209483,4834.940356924632,9631.892482480196,1248.0401150470082,0.1135220827060872,0.041166573287925355,0.36398035243580684,1.0000000031066403e-08,0.00014211870857348293,1.0000000115939668e-08
798697.8973159158,235069.2573212681,79185.64267611415,45000.000000032036,59999.24553260803,7000.000000059921,16068.752516257484,2197.864996059057,34240.96333102046,9318.485342101176,973.6999553934572,5605.608382516812,9493.017664365741,1018.3996399887653,0.14158596734517623,0.03964180970091447,0.3459889659746983,1.0000000019904097e-08,0.00015801698719891991,1.0000000153099988e-08
809515.5745290085,184046.06080750094,106197.95615727107,45000.00000000158,56179.10481039709,7000.000000069322,15524.124512952936,2142.490382645201,33132.60269157984,13027.532040602602,2310.2094942913022,5220.458012161664,9887.554511439026,1108.0749524620978,0.08903894310497226,0.041350308062100403,0.3393815348463475,1.0000000025248906e-08,0.00012866036665911472,1.000000005494373e-08
837666.6870488769,177140.0094981993,82387.19434294992,45000.00000005746,62751.8656665385,7000.000000036606,15256.332921670244,2122.424555697769,35449.58525309513,8958.170766096995,1046.323098504313,5324.191676130986,9697.27071910296,1172.694905949234,0.09539851989790994,0.03744316085292112,0.3714842456133393,1.0000000017083455e-08,0.00014779010882703624,1.0000000163758768e-08
800211.8067959797,162633.42066477376,103562.80568741904,45000.00000004435,58949.88704979997,7000.0000000425625,15748.966194373052,2037.4243832064037,37545.65460830879,8681.788508549893,1840.8743605565755,4763.435518142032,9997.646376317489,1100.583664362272,0.0792428782431053,0.02930621026440788,0.3365410122257418,1.0000000004257022e-08,0.00016601401209934385,1.0000000224691965e-08
765001.1132000269,182243.5315157821,64997.73609484125,45000.00000009207,56057.22410066234,7000.000000042674,16256.554138488576,2170.7394667146295,32847.33982879907,8867.08687431051,544.8453637616964,6403.6774815945255,9911.29400917698,1051.5515535935804,0.07880082576615412,0.034570193983904304,0.3334005635378552,1.0000000005697362e-08,0.00014329643930348238,1.0000000114148319e-08
827567.0314238983,196559.4042356317,77941.57569391494,45000.000000000065,63396.748781546565,7000.000000001454,15463.153367321507,2428.892144918086,35235.65013147719,9044.797688947958,866.7411957152977,3187.6796294959227,691.9011336709909,1084.4677531807256,0.07082330492805311,0.043109786697453086,0.3975723390052604,1.0000000024799239e-08,0.00015731352963771136,3.256410787995861e-05
793145.9465590478,212031.11596023082,90765.01075418026,45000.00000003651,63364.088095594954,7000.000000004476,15868.783220090985,2330.8883773421103,39672.01787850444,8264.76408417536,1134.4748919999245,5782.675625206917,9882.87354287933,1041.6842495276808,0.10216062665202397,0.0378229031188894,0.39656414620436153,1.0000000020869582e-08,0.00017888222636239468,2.2486428788774968e-06
831895.395867443,202652.65746726905,87716.35560614688,45000.00000041133,59137.96252795276,7000.000000062284,16058.9176232587,2193.4644767124387,33157.05859650773,11617.113667575486,1490.1045236083414,5864.215125042573,9954.030990020261,1167.0549745503615,0.12143666191901756,0.03777763509063133,0.346790191789322,1.0000000010019842e-08,0.00013148835522457046,1.000000006879935e-08
773671.0784288928,200363.14980097543,68239.94986148678,45000.00000002437,60171.11173350802,7000.000000025701,16431.518981749803,2101.4453772306506,35890.40017111337,7147.0785373354975,383.2240653529409,4366.6977034502115,9475.929531825393,969.9179576200162,0.10743466565421056,0.04488473044249286,0.3653670936838184,1.0000000003833964e-08,0.0001864277739990156,1.0000000563711281e-08
803345.8646272542,177844.2509723388,79188.26798774957,45000.000000394946,62392.65471990289,7000.000000010283,15600.205739285682,2297.5285962290545,38977.169443848565,8292.920007126973,821.8344159441976,5633.303243952588,9978.305776283649,1102.6937887288473,0.05928859229644029,0.037436676929915855,0.367219541260641,1.0000000001134826e-08,0.0001508723304876668,1.0000000020877291e-08
859630.9899458357,190272.01047605777,67501.41030455244,45000.000000031396,56814.103831275075,7000.000000042401,15097.410082879296,2391.5062736289356,33795.64653483799,10402.838084248562,642.9147934446408,5635.053359866194,9355.094397712479,1159.998266882462,0.07550428274358346,0.03734517393098453,0.3151974790030092,1.0000000006771597e-08,0.0001188657011533917,1.0000000011884911e-08
827423.8772531494,117327.84828628546,65835.75402359768,45000.000000000065,58565.49238250882,7000.000000059673,15177.228590572016,2180.946919079704,35213.55979597187,10684.218084877886,459.556114943318,4203.071294308692,1071.985484774631,1150.886932234652,0.04030678814666081,0.03303352757443827,0.37196041458189016,1.0000000019244251e-08,0.00013911631585233878,1.0000000155332939e-08
785124.4722118897,213578.48305987616,72799.82879566019,45000.00000023036,58522.20052739937,7000.000000002934,16331.636623926071,2157.3166127521113,36620.67888915602,7801.863401612682,700.7719121242071,6961.1687718246285,9870.631629430347,962.1889685707447,0.11591714225803905,0.040085583254237445,0.33513172895613036,1.00000000184553e-08,0.00016798144576300763,1.337471491314675e-05
842742.07201584,157032.20447684513,101320.97468148287,45000.000000296226,61484.89556861471,7000.000000035463,14950.501416234369,2140.226363133407,38213.354874165096,10667.68543566917,1749.4547039451988,5549.141064941937,9959.146878779498,1184.0883443104804,0.07293674995512023,0.035536078047309835,0.37844437241632284,1.0000000011722908e-08,0.0001573643287306861,1.000000024956519e-08
808909.3832346612,169568.24617789107,75175.57474739951,45000.000000000146,64494.36690356379,7000.000000084952,15490.93465277325,2220.5711733092544,39439.3513957682,7422.969062963892,508.9088130189905,6550.245417015626,2363.524180053529,949.6875227960119,0.06737746886499128,0.04196930191442348,0.3441308417960222,1.0000000005716867e-08,0.00017261367659444395,4.907410039818331e-05
789238.8318778615,133312.91895922835,76794.90264234903,45000.000000021406,56519.17336369996,7000.00000002309,15292.731113862188,2250.93566651588,35436.0964213879,9283.502911483165,1122.24840823795,4144.40434033342,8949.848378335873,993.1610396935894,0.04195884617569675,0.02701384959962274,0.3332568248531441,1.000000001144583e-08,0.00015288110449792255,1.0000000205269243e-08
852241.0748048256,219042.2580675903,76247.8141649487,45000.00000000278,57462.839866060756,7000.00000000409,15210.876860616143,2334.9982060200477,36437.0825813749,7846.93017488528,944.4885852665493,6960.9158599140255,9830.194760380444,990.4195610456402,0.09332246276351969,0.040908059687711426,0.32827494644798144,1.0000000046257487e-08,0.0001575598972075108,5.976265097469407e-06
831429.2184750366,157518.23583585597,81560.18385983088,45000.00000000134,57384.44113488907,7000.000000002263,14932.588130688371,2151.2366312149,34713.89772469776,11440.431722746049,1357.049536737575,4388.091488577335,5903.129643989697,1085.5512129422443,0.06389563542977932,0.03621240453934231,0.31666252857967486,1.0000000091490495e-08,0.0001319752217715085,1.363258131212949e-05
784605.9182963986,229252.96898841573,62998.98670853583,45000.00000024531,58446.38179663428,7000.000000022394,16073.853855425628,2085.1161524995946,31768.94962365776,8486.14589247662,289.0116619542975,5088.631347241061,9976.60936151937,1077.2574210139062,0.14999999999994912,0.040089643154942664,0.34747761639108515,1.0000000024593324e-08,0.000145727187069519,1.0000000078084685e-08
796995.3836595136,171317.1095853423,68730.3724277102,45000.000000000065,59543.403411063235,7000.000000047238,15617.272726691464,2291.7067813078834,37784.1205408868,8748.398131263237,479.69681935876685,6756.860642347024,14.621141320566846,901.9079846124298,0.05947836978320883,0.035836095121383506,0.32062467531797806,1.0000000006807195e-08,0.00016810096703854987,3.58130184977799e-05
822677.648815379,188147.05512792195,100635.90599432008,45000.000000195425,55854.17813036631,7000.0000000290465,15160.554142705518,2255.9671690465575,35760.91340673,10200.037310846876,1848.264041431884,5692.498894802166,9951.503047828768,1034.7942009510407,0.08054021735345304,0.03709425990429953,0.28169446301428325,1.0000000005163568e-08,0.00014466449818702578,1.0000000382076156e-08
813424.5854860854,153940.41295731487,75778.83496319823,45000.00000004019,59219.632492078985,7000.000000065044,15531.02165259172,2183.757375834509,36029.261430132705,8718.297844715145,852.7223813672928,4897.574854996123,9988.403448746823,1095.8877749490914,0.059266898268097175,0.033669125095014164,0.349359039130739,1.0000000044269851e-08,0.0001641387830728336,1.0000000228241908e-08
789022.8006360454,176565.59613094493,74649.83223495043,45000.000000000065,61280.71891293685,7000.000000016487,15936.293512024518,2287.5698220483964,35231.02671689368,9121.30010060386,786.7208828971468,3947.964413080978,1656.840057735848,1110.365694968648,0.0657725751824257,0.02614847205483916,0.3854225182660421,1.0000000022478855e-08,0.0001581369124597091,1.7717828245294597e-05
859816.3349306261,170471.3095067422,76786.14558682448,45000.000000021806,58141.55854284616,7000.00000004393,15220.741269524033,2118.5236490307952,35467.95742947403,9588.639146142132,1079.4369894531267,4912.9040100516795,9878.543650157479,955.8608519796184,0.07935620048155435,0.03901625964430193,0.2910721326854616,1.0000000009231177e-08,0.00015010967399479904,6.264818128385688e-05
803205.2041873111,154186.2067483578,73822.44678129054,45000.00000033116,60055.6017826592,7000.0000000346545,15529.376709382163,2052.365310576191,38460.50327772175,7353.837124694997,666.9969673091748,4017.1294013779393,9323.443061419972,962.1033626615445,0.07588882717225584,0.04319721790922168,0.3301131931020109,1.0000000026296317e-08,0.00017522496070557618,2.791674262378165e-05
791501.742551222,251800.0780798358,73157.29358729921,45000.00000020238,57368.01617037506,7000.000000060754,15940.90742729616,2319.6356401490807,31341.36928273156,11699.87417348752,972.8169949133852,3597.8513658419924,9986.028535731262,1203.5270613969599,0.12244105478975917,0.035813115515706845,0.3166002716535895,1.000000001063663e-08,0.00012499878685495231,1.0000000069943607e-08
820803.1756470234,217713.1870956783,74199.30683553316,45000.00000003564,55311.081699046656,7000.0000000264845,15586.257143165156,2099.079739664916,32963.356923881795,10111.642883591543,1137.841687904661,4634.164875364584,9630.51882881564,943.6441810807167,0.14128889518036178,0.032807500258273545,0.2816632041088657,1.0000000009375523e-08,0.00013207278850285365,5.258222996052435e-05
794446.834169941,203938.84097708703,70851.3984289115,45001.166045207785,57252.08483587888,7000.000000014747,15731.559197782444,2324.0976576092135,34549.94389476636,9019.83827872236,750.0530081814611,5930.632499325657,10.000000000133607,1046.3086861503605,0.0745786375937759,0.03622577227200302,0.32814675573403507,1.000000004032481e-08,0.00014674323415825622,3.164033250962337e-06
784715.4525189039,231066.62538618172,75826.64297434868,45000.00000031461,58258.385564813536,7000.000000016375,16219.726187350914,2394.9531859821586,34686.51610097175,10009.608521278808,898.1373640990577,5007.222203733817,9993.607518754077,1014.7879165508891,0.09675685088907364,0.0369754120552028,0.3554919370356283,1.000000000869962e-08,0.00015493224340666447,1.000000011468851e-08
