T_NDH,T_ND,T_H_N,T_AWN,T_CV,N_Anc,N_H,N_ND,N_Den,N_N,N_Alt,N_Chag,N_Vin,p_S_ND,p_S_D,p_H_N,p_H_WN,m_ND
897208.5581184458,888123.5736835854,366654.15248210414,119963.44659231426,58843.392182453674,14119.8825973771,30551.192466011882,632.5151084526022,3009.5019362730404,2718.9916905763785,223.22891065662543,133.03315117296876,711.9154646376559,1.0000005117818205e-06,0.0012619706324404705,0.11083963555034951,0.01376169567063726,6.37808394795077e-06
803037.1952651459,753594.4221336977,260404.341204297,118540.00457047821,60181.01895763598,15147.27041308999,30054.562671619227,2225.259059153475,3270.244144977098,3031.196002431169,150.47495606530063,182.19855161086625,891.6160945370793,0.020109780576211312,0.008023505557139356,0.06295516782264657,0.009584705132811948,3.2004272790572512e-06
748921.0382065795,685636.6038613647,162936.89376193006,119888.30258709259,59290.69777742885,15843.447848599095,28346.36567732638,4914.661022784887,2950.68540839179,2905.1209791084316,242.861343247744,207.93860977896017,698.1410677689634,0.0028503610115167824,0.01804692543378353,0.01169030972402688,0.010168580539967541,6.218090874322529e-06
813130.6169590615,779997.0490589895,457427.56960853294,121227.29207817039,62850.622469949645,15580.023324070584,29873.71786543445,2177.579188452377,3191.961716692076,3051.519879791184,352.6710221274503,313.6302346571879,872.6291257509549,1.000000031449237e-06,0.006756781587634815,0.14999999999999444,0.011594459588265417,6.314844787430639e-06
829476.463210389,825711.871019342,401746.31065022224,122797.51063842175,61416.66339534856,15070.079304834764,29943.349460799403,260.302085532107,3148.9411389510415,2871.7826067520778,375.36940221866627,315.44892859353297,873.6818301347779,0.01660231836656407,0.0016060395387676415,0.1182286467287341,0.010961234164490423,6.547713661655796e-06
778925.9220342144,664591.4220469224,498752.027402299,126045.70874623391,61020.91949267228,15863.08716390885,29351.821385057072,5335.810297049956,3179.2319906854163,3027.9814493465383,647.7397273777916,265.6721146199335,828.583143929247,0.0044198070208850805,0.008431031237489811,0.14749123673080905,0.014819630519203483,4.36879386002919e-06
877634.249079728,859069.7792932722,471650.09225040866,125344.99744701166,63278.06531930492,14763.15422609562,30653.71025693105,1446.6317847785767,2871.966680069342,2740.8130853824823,806.3666708838037,416.8805102309499,885.1268071964299,1.000207024866451e-06,0.006196220123209998,0.14999999999937647,0.017615458041946988,6.977730931389037e-06
679497.110050155,662961.7112918312,362240.6208775691,125777.06484957306,60533.80551299497,17187.416526144065,25403.34507392513,650.5037848370118,3705.5197369648968,2971.3571004782225,668.0779856191199,223.64602305716468,718.1186249207211,0.007943186979330288,0.0080259034877728,0.1081682592370881,0.016034383701406918,1.7957400115105597e-06
871217.2137195023,864862.0678733019,384145.72923717304,126702.80004696023,61355.3605705783,14658.276553379796,31751.94804962059,542.8375465820404,2795.1770910704913,3015.6957380553913,693.3388358124706,297.0781488142479,896.7611631580821,1.0000000173286476e-06,0.012600058648939916,0.06503923271394625,0.010336960335227198,6.6156649945107015e-06
793881.4849766217,788896.0276785842,235310.8633950787,115250.44997730268,57423.66292285717,15351.651244450215,28352.053794655756,260.95768123554063,3200.5727308747787,2560.545088434737,11.736891879819863,96.36866279877064,603.8905388281706,0.009176975398881702,0.009024489176240078,0.07068065447787486,0.014244527858794875,4.807278794429364e-06
785656.0572667259,756423.1937397964,214074.9146702521,122970.45104049501,58229.85542473128,15026.022993918605,30070.110737540585,1160.597869348197,3650.677204645618,2698.2588750294785,482.35812030211997,156.16501060053167,706.2109593925597,0.0250671576090972,0.017934804676841533,0.04586655984614005,0.01708429665378437,2.9616108564077855e-06
727923.593071917,689725.5149304558,320695.1748741911,120544.11812561392,58983.92299330271,16336.164295858964,27124.05228545227,1686.948947015149,3286.819213470657,2931.709939152129,301.79822304558536,148.40701447437112,676.623791256907,0.010778984869703434,0.012756951304175002,0.09907921223516386,0.011940755506358196,3.435957628714362e-06
795784.8486316674,784131.3839754314,276415.9423412995,120915.56719033128,62431.900507217266,15215.425933700068,29332.893607530816,571.7732754526746,3566.7137789464805,2865.9531379256146,342.3828595463786,362.8173158075216,859.1401258240368,0.0041998886116002354,0.010355866214084443,0.06697572289997393,0.010258871896645698,3.912908796115251e-06
756592.450297248,680869.3740460846,231172.2993839873,123556.30274674568,59759.88396246823,15738.299552752114,28077.75164157992,2846.7161925910495,3582.699153425779,3031.2069159931852,502.60604775433444,197.7749562258065,773.5977301902551,0.01281481614622351,0.01765041072515352,0.052239648266200776,0.010980305977937279,1.6052293796727615e-06
818670.3005238629,794033.2148217303,361653.5415540056,121066.59312707369,59066.66084701039,15447.165589798087,28729.095526655747,1173.2756232822687,3296.597368760378,2839.612409459601,257.406978671895,161.92513664179324,793.2238531288901,1.0000000533666054e-06,0.0009274619879977062,0.13393601293454088,0.011649576272907879,5.291680855845245e-06
748843.5382911466,675801.3890575654,247878.03818997866,133935.581303444,60662.184988604706,16038.055333926286,28333.698844207545,2577.7504509298337,3884.600018916203,3179.113888719061,1640.4671633251694,221.3284310583494,805.2746432257383,0.008848863775116763,0.013285209919178155,0.03952505034494013,0.018368112573407005,1.0000000002455832e-08
779372.0217885176,743071.0023875583,181091.88915099233,124534.08062786472,58687.246954885704,15654.239862008837,29374.143576054277,2168.2319215037405,3196.4769229837207,2823.4165613420278,565.1543567283596,149.08214649338282,819.2339754213425,0.0025781347077071495,0.0200292973230894,0.022494595047017747,0.015016622567421405,5.589347025121457e-06
790256.6708867595,687694.6620273925,401185.09539028734,120206.96894287976,60254.68714508772,16140.606592436478,28707.055750187235,7021.157900080867,2726.2556763298917,2534.7247611198395,207.6434855126951,210.35732712110072,890.7167393472143,1.000000010387153e-06,0.00028588692986625415,0.14411472102196832,0.017622091159660253,7.665124619870645e-06
792546.1796557554,716406.3173590335,246555.0608071646,127966.57970434614,59829.4257859076,15657.437269902584,29950.82484315852,3737.7387711504184,3323.705718565089,2860.910661919895,782.3258450400972,202.37073434908623,736.4552831866416,1.000000160015916e-06,0.013996537348371705,0.03650776757763589,0.01780728719425769,3.87913701377189e-06
801522.0556937191,765172.6108245959,260193.95537986766,125170.66994324597,60132.62135802936,15746.806425760495,29897.35021583416,1511.7932456074632,3795.198872747929,3056.9021307646444,647.8247746686549,240.27025317528643,773.5021299196892,0.00036561335888808866,0.022928066879573883,0.05784282313743555,0.011046698548103705,3.298607118198951e-06
709545.8439085698,679564.3489759231,232516.51376492335,119112.36078429523,59521.22443491151,16568.44006914548,27673.645736021863,1307.0504664509106,3387.7227592219824,2745.3812603360607,209.34617353919285,191.3121153473686,749.6894515713888,0.005146641913912527,0.009112170342768476,0.06468564301954423,0.011883563358737333,2.4907291358734642e-06
753957.0227320689,725262.116546283,404477.69501342095,119345.88198059173,61598.909958204036,15833.961565591548,29804.47950372373,1302.9498757744152,3216.0740459257195,2938.899561054933,201.863140226526,312.5268410047701,879.8522516870971,0.02398445542504967,0.0033713826391142242,0.1447806046039036,0.010950189635359415,4.895524486733733e-06
748568.6957379703,675227.2153850804,447326.08080306894,118234.91433873476,59937.637552080916,16260.34988388599,27132.48204941365,3915.754898978222,3142.4877696712633,2749.464896942806,188.6574570603823,238.44118487620466,792.8085738126855,1.0000002228600117e-06,0.009565584405971207,0.14976165557636847,0.018028852476190335,5.67706302408287e-06
901440.0943171565,872257.6876929229,416354.0744477694,122807.13462402012,61369.70359135696,14177.884955381163,32283.494367654464,2039.702212239776,3113.4674873463728,2749.092266334361,438.8020418901445,291.0726794649344,866.7306682307749,1.0000000051469126e-06,0.007117412146149963,0.12453458929547179,0.01857012851250899,6.4351447334958395e-06
880983.6171340594,864194.9039803895,497348.6420322435,122594.19607972511,59530.08051515572,14647.263913271585,31041.983953880415,1088.7319419891587,3071.2255339807716,3094.727129565652,313.3957372618881,162.5567293394894,758.8451936713263,1.000000002377393e-06,0.012876855024835694,0.14149058440163595,0.012994769081831756,6.210872000047531e-06
728385.6608081083,718697.8128114014,227004.93186746392,119098.79847731485,59199.59178241146,16615.086264390236,27671.69639049643,600.5616973593692,3247.408315149051,2892.201361922064,173.36629962814763,183.46272888292154,767.4590539384004,1.000000016144228e-06,0.013841930856584337,0.04365603484305598,0.011079575236525209,5.033486301713397e-06
826684.5453191283,800693.5374301497,382215.88414201804,118837.35934924321,57803.98247292021,15289.2743070407,29388.515536203835,1652.5485782225737,3082.9695583659186,2758.984718745781,218.7481872396586,106.9630443414428,590.5772131587007,1.00000002784697e-06,1.0000001458606697e-06,0.1330222491408051,0.015883383603506336,6.161916157105205e-06
850762.1101494131,837114.7833208174,266995.00775037304,121388.04719559255,59549.560445319716,14985.4389693892,30450.332575461456,704.6484913391641,3351.7007156346385,2844.670836747319,344.870189373383,189.6993557805314,809.0746121576449,1.0000003127193843e-06,0.015118926515080159,0.07126918045801282,0.008183731936582067,4.792799763570154e-06
805265.422269375,778775.5289488705,269445.05144308216,118715.56578175188,59271.83261538842,15485.516321481588,28548.26606488705,1480.774226427217,3381.693767809938,2843.374774683599,197.61128791147794,182.39154643112593,816.6709792941937,0.006673181802219436,0.007165136221329685,0.07196705878749728,0.011884782651703129,5.041739841579069e-06
807513.7573219175,688845.1536801194,256482.76575527817,117850.90190428623,60785.36333744637,15630.758046997367,29428.560759814674,6872.153841121963,3263.053712217555,2674.5586224901917,118.97456503593554,230.59593320553978,921.7480098620957,0.0031711342930445907,0.001794207483973583,0.06357541251928747,0.01221232865369387,5.117032204863384e-06
679945.2735276455,668489.9724876606,254754.241261278,125164.04230572065,61565.455967897855,16376.110561626401,26797.050612691048,447.68499922812117,3547.899209923849,2995.2537776134054,400.91671818400533,284.83971036907207,781.3156728644444,0.035449502301493845,0.004550271839441526,0.05361234056125571,0.011652776706511618,1.2150550641274142e-06
801904.0427856523,690002.9227866948,405474.14762869093,116435.5542861654,59341.2361092623,15372.779776591458,29865.807257880006,6806.591865409097,2801.404474615186,2678.621909231278,75.89018456335997,150.77854353023542,713.4296814013264,0.007356989940479811,0.007111777579356617,0.13231204759474094,0.015186034118549241,6.979162634328429e-06
804761.846489083,772784.1744821332,231510.8976133734,117688.66594865308,58610.58598584437,15454.508792992283,28931.82712150476,1684.5918533412964,3318.4183314756106,2767.75826506183,127.85164817238405,145.2370588728518,819.3131815709285,0.000271868033754629,0.013818362705942798,0.058560525180270155,0.013342419245581905,4.2976955005818385e-06
739571.7972205717,737636.7787170564,334691.3093371993,117986.3759005829,60509.58668554275,16378.225262725071,27496.427090188397,115.79169598624739,3091.548733323317,2866.8263083462302,130.57063187352367,202.44430355375496,815.3626285076939,0.006166924192963712,0.0028347691537289276,0.09129623101707116,0.010950794521832806,5.5096290279925304e-06
778097.6189413632,727726.9490010417,279680.7906341396,118309.98608413334,61552.35869303399,15402.954807709164,27803.735204621484,2674.1635079631405,3134.6486199348024,2552.6251028880806,180.9216439358245,270.7710701874422,887.6484013374303,2.184916765657094e-05,0.010464889506286185,0.08082929662528274,0.018599609745768134,4.90290221767589e-06
727966.5667865794,645044.5946194131,239878.0473413808,119902.05346609323,58581.54428720443,16292.843087302372,27953.344852305916,3683.942621224711,3253.896756072541,2812.0594802463584,274.30104525442835,174.7270101489539,757.1369772328412,0.015307956699353847,0.020255857409333302,0.05548290019028743,0.014010408436078647,3.535323815354047e-06
802729.0757311404,765179.3549010112,426135.56399686995,124887.79773290234,62102.61609113137,15683.32399849363,29694.605073966446,1861.7375767142908,3306.6344053013627,2919.325743943413,562.5714459666644,329.563884187627,816.6765681711879,1.000000020724143e-06,0.004724501735630796,0.13046529217908773,0.013460516992886133,4.8212505261156075e-06
776682.8806553514,713640.8536762825,208661.86728731386,123431.03399668136,59176.70743142694,15856.257522352447,30159.703926478658,2732.3459732883093,3689.292915261802,2906.1611810707223,573.2685228496825,171.89881440723576,839.9164171762751,0.015531129770470869,0.007060777292663718,0.04456151565596784,0.011394872675730588,3.222597702457721e-06
917011.112966368,898309.7126062859,341117.58134511317,120023.4360976686,59595.82405859122,13990.136818119483,31569.425753876316,1228.369960032121,3198.6842054233393,2816.0675828218355,199.28463296753444,212.45405643555554,833.0620591681385,1.0000000118481941e-06,0.0010479169759276302,0.10388198414747446,0.010531754260070825,6.480691917066302e-06
856867.2971767654,835716.4580192172,259071.54691567286,121697.7910437903,62365.493839362505,14313.91956093046,33515.91277514432,996.6101317604454,3490.9509791642477,2906.558350046323,442.4023544783873,332.5526520223696,922.0093805445484,0.04146691761584467,0.000871682505459534,0.05844123942117827,0.011619112972536953,4.086770291425286e-06
776315.1486444852,747529.8220318393,266510.693347951,126139.9712864816,63290.95014203672,15381.681448179663,30016.388323625262,1064.8159694364037,3736.1297318142715,2827.537191944709,789.1524022356775,407.291273508883,849.0151954551949,0.029944286048024623,0.007527809167295413,0.06942984234448162,0.015236239056269252,2.2001621081989074e-06
765445.6097723446,688940.701439257,407706.89082560333,119531.44659189555,61207.1155163963,16189.91622336832,27352.323780301078,4417.781208092814,3061.013616289873,2763.9572992359695,307.28681165102927,292.42531743081594,980.5607909053691,1.0000038104207772e-06,0.001124815792453949,0.13698216028091195,0.014458898002742495,6.061776757047519e-06
743233.4588343963,732741.8177236858,348293.1950077148,117511.88095447178,60092.98061638348,16226.62040252278,29287.217439328004,499.6708546254944,3331.2566498981705,2780.818724491014,104.37667522164112,204.0721390075994,599.1592410218557,0.017622670011391343,0.004068998094766844,0.11599585381851622,0.012751664335310038,5.009139210416492e-06
828476.114041806,753164.0775664542,393755.08785712597,127373.62733661271,61561.98803172633,15019.111039350804,29629.03552223948,3348.2082440430777,3306.1353144902314,2906.5917036390165,616.3642417713002,250.9784130950217,848.7587072987716,0.004479463474032294,0.0057846933082379565,0.12194019821524875,0.014106773792707812,4.558255817065562e-06
748786.6869024293,735830.3267523866,273862.78079007735,122672.52809135159,61020.68916037872,16328.800288576625,28101.5501365393,630.4189631731384,3319.1469212198567,2803.5498688767766,352.75116294654526,216.69623820762072,808.0807933164547,0.010792299918446558,0.002800435944815913,0.07593906104351585,0.013119635529378983,3.975015287803335e-06
839367.4621830721,797425.7125492152,499999.9999999828,126985.94088388127,61524.50427268303,15073.64407514875,29756.662031224045,2437.8095542833757,3331.333869596601,3054.645037095399,596.9343416668871,282.7905542808087,987.6496724900902,1.0000000196836474e-06,0.00767996018435928,0.12660058682712558,0.011337621254963895,5.724677422732148e-06
865643.3076959202,845750.0577912502,499999.9999950499,122048.07659415899,59810.73034328881,14576.138631237849,29362.231666206222,2059.3667139865806,2710.561057066952,2919.3693634760916,342.2097928888273,209.06966600131733,717.8588154042909,1.0000000034388053e-06,0.010326317749612561,0.1417179153710811,0.01076188825846906,7.650756878899417e-06
863987.7085522009,848419.9814260224,458423.86970825086,123889.61658420014,59685.76408414585,15026.886172873972,31131.608582901325,1002.1113574668345,3159.5344038009434,3014.348810114845,473.23154245562694,167.37703880179888,717.7305072671907,1.0000003835728085e-06,0.006741730570672292,0.11688400286679479,0.013489195365568857,6.173828781386635e-06
770885.8110972231,754457.5121087116,295442.0914367949,131839.94117277334,59309.73798573126,15806.223643265435,28976.021458047035,557.6337427861171,4081.999967197588,3183.45764635395,1560.7455687659576,170.23145126563702,820.002562604361,0.01133834346865711,0.0060267378666820585,0.06240516593064045,0.013643083104741497,9.944498058412993e-07
774403.6379263032,717509.9235049512,228365.85443161143,136045.85871156736,63435.1549379836,15781.292424397394,30196.540031971654,2071.477850801643,3721.9241498733572,3195.9687449797952,1492.0296233357358,376.776972382801,877.4983240638475,0.011230456944650746,0.01209056325738075,0.03624801753441086,0.01252214587593956,7.681566900432362e-07
786477.7897732237,751395.3882300433,220557.15848273557,116914.64715637438,59738.96430533125,16395.18716455325,29236.431472699736,2042.1116668466022,3242.8448222636052,2705.337880472007,69.83366941447619,196.98244300966107,881.222248915003,1.000000006311892e-06,0.013059458560667064,0.061658605870908385,0.009208922541529937,5.0907218065671605e-06
740972.069235207,723177.0606672895,237273.95588978904,119589.9647225565,60230.49011139049,15990.181133842418,28639.33772461473,771.2380468201364,3291.9562192521817,2864.6228251022503,241.99070109373707,203.45863374717683,733.241475465637,0.016030035495421518,0.01020716581637982,0.053788720157977234,0.01636247963177002,2.871356212818542e-06
811206.3385232963,747024.2846357508,367105.45551240415,118061.55187077115,58872.273654216166,14840.133675981253,30346.20096745224,3086.314793716973,3339.277124590835,2825.0036783618143,210.83473077073424,156.99195169937371,818.754675803845,0.02347071353430528,0.005170089841367021,0.12034208901842135,0.013010701523741315,4.805820192347898e-06
713447.2336439269,687872.3715234598,240135.21762684613,130386.95513123606,62471.02285848808,16368.798066211986,28419.551548315583,851.9314112399195,4049.9951182178684,3012.3342168611707,1208.9514003312433,340.14437440325423,872.1732722797623,0.022554494333676012,0.009708798336344967,0.05956792046688556,0.012834337125199175,7.592748301327845e-08
848439.7922884419,836465.6899233022,334578.1240197877,125754.13028248436,58800.20064958697,14848.160841837735,29819.95374179924,641.0121169558485,3271.780848486545,2882.3725338058885,614.2565499194328,135.071833159998,670.6503856373215,0.004970355575357942,0.004164656058902676,0.09310904834976985,0.011925366782893583,5.246289001081424e-06
762769.1453963582,718330.5085740426,452165.63173679955,125515.40940609665,63138.31109570047,15907.244441282975,28686.537632344847,2240.3042251641164,3123.21548646547,3015.0013067919363,525.7020224924082,366.57388782221363,1015.8696808731833,0.014732452185938582,0.004945450499962279,0.15,0.009711878157691308,5.618698275888438e-06
765100.1207099193,682384.2137086361,315525.86214323767,129964.37703580651,64614.67057451191,16182.429291603541,26716.325885742153,3178.640836431975,3781.989037096487,2960.0610100378703,927.9761188546444,441.43064046244604,1000.5241538314235,0.0011359020368998515,0.006059740679404264,0.08446494393178808,0.013379468344259573,2.0327424406937795e-06
778235.600457954,719951.4260083407,386261.35748566187,129012.69680292501,60565.96076916559,15703.836807805581,29582.11206047819,2553.024199119259,3330.3007713284164,2766.0001404925783,1191.8355783438628,214.69634164449053,890.0106143389592,0.023170191199006072,0.0008327961045309466,0.12708911614719234,0.020136961185658674,4.315777669141414e-06
734543.8487447171,697943.8794403102,250688.63540074372,121216.79147291863,58423.23794849403,16328.000688392429,27424.02173950523,1805.952331166499,3358.758079715922,2848.6505810320264,376.10243125474875,132.14863366577623,709.0286351436001,1.0000002028067862e-06,0.014803130322614216,0.04983449860923308,0.014897088932016675,3.7646268177595786e-06
779374.9851110184,704569.9333988312,360766.79026227986,124780.54376730167,59214.648685790664,15550.676391323228,28221.89782901266,3195.164307219416,3329.6292900060425,2796.95350791421,570.629517156124,180.12281278913423,1041.7998014098719,0.02341097708816894,0.0027322556189759623,0.11389499138340155,0.01775049199763068,3.805334047803175e-06
827515.3434673168,809928.7968209878,344707.52054917417,123822.38480818743,63358.85042320079,15155.815215835795,28866.778960450458,846.4763087953763,3260.597254112918,2708.205678065799,505.3403311339309,472.4863720439577,1025.7543969517428,0.012286934814731556,0.0005635586033590586,0.11692681180101801,0.014411993298522921,4.942259384871998e-06
704534.9232539942,699688.3094661318,214706.41396504507,133962.83576068273,62105.647214587065,16360.218472018101,27573.495457642348,163.32808483867058,3884.8359141662218,2965.785423923781,1197.5693559353745,361.0468925708821,896.6345601842498,0.017207783963738756,0.007987118518932678,0.04695272738404203,0.014169100603116498,2.94879236981758e-08
828541.5594304003,810130.2361746765,427929.246107388,119770.19499936468,57907.676706569415,15322.220910891017,29496.944704579855,1143.0507117211482,3252.8616366701244,2969.3999457052378,271.04511656650493,103.83966604790533,608.7743000172917,0.0008371138523015725,0.004082434789725534,0.14214007907166892,0.012986176434310966,5.872269500358447e-06
789640.6460427205,773729.7410792178,270025.14949636505,121505.56883391319,59609.48979427182,15938.621879220009,27425.944713916535,752.710786742017,3448.103374891584,2886.764141727613,355.34398015170456,169.13201295030527,691.2625585274684,1.0000007105642019e-06,0.0027442400988996513,0.07460788632462287,0.011034605814267576,3.5266931438759734e-06
801568.4241978845,726014.883763469,447378.46932170005,119956.90319446308,58060.47850645988,15226.64361559965,28813.220222625347,5117.422577717252,3110.3084235038928,2812.624573611194,245.40691069489347,118.7547085063146,729.5511221884449,0.008833801225513608,1.0000000056399318e-06,0.10208340567031376,0.015768443697545466,6.6280052827529956e-06
761993.5576142126,727522.9539228039,197391.17246929335,118203.40578782492,58616.97367498351,16216.712625333636,28633.909356101267,1821.908762749164,3394.1226469164953,2783.4564668903013,144.8665410954772,138.1619425843893,907.9839690944539,0.0008874209832147854,0.017125324708024227,0.04726173905593363,0.012168012066210378,3.884505234037222e-06
723952.8666955159,673388.960000645,427847.118230591,120143.1453304255,59161.24248661307,16663.298736014603,27457.135636049898,2703.2612323056674,3090.385749155659,2908.5613019731995,311.0908965083702,202.8969341765686,823.5177781415061,0.009632861442662356,0.0030543259072677207,0.14821431288506307,0.011567046122857668,5.676336167663088e-06
758942.4081177884,728029.0284894238,265063.4792022663,122631.43751061807,62047.06935205393,16640.76675090492,27816.644578154446,1537.0758689822678,3372.7059071171207,2933.421775763486,352.0141274634899,265.672691641424,1112.4433730332364,0.0020497270525003885,0.00173234419296479,0.06050180476943344,0.013242164365668488,3.2485193530815283e-06
791712.7980252684,775643.6675930669,256170.08524720932,120519.91670520364,57666.492001704675,15630.015915964117,28926.99527295107,756.7323172421249,3277.1068747281856,2768.422931734201,266.2076973490261,110.64867024323213,616.4828304869875,0.002286510340025477,0.003985255404215604,0.06418205474452648,0.016943218602204917,3.4975554115235124e-06
825706.1581545861,813045.4325676103,468810.7958082282,125558.76872544152,62452.56031609606,15400.921844406043,29538.756051594242,800.5042902032056,3154.470064676773,3013.264980413801,548.4253539779731,339.69250531093684,1453.3320262522925,1.0000003122276992e-06,0.009043072778380666,0.1407295687024182,0.007703357627237412,6.503284100362666e-06
871849.2722112328,870040.5851192632,395882.5692765576,121750.91319830423,57963.03912319072,14503.3559297098,31132.37499342818,111.43733326421007,3181.973928786912,2916.203385448328,431.5832333063784,119.01501843849445,757.4360060286457,0.009863099767761677,0.004738863880614074,0.10474072479061936,0.014408695348116432,5.74895014503258e-06
745115.40166087,730834.3472953929,276803.92278792756,135969.74273076167,60890.90894962857,16215.50414983902,29041.026927189156,483.69690173788945,3934.268042967541,3019.602262364821,1180.378836272861,243.42273660640396,798.6574530019949,0.015800916974527353,0.008521256627417935,0.06223351790671349,0.01613511019082209,4.951354975074758e-07
823942.4391496658,728045.283772064,270899.0702706586,126206.537265508,59498.111907254526,15213.005731086889,30221.72368135498,4028.542631935352,3647.6110008805726,3053.683920710819,621.0257461483066,164.37517405002765,785.8553713841459,0.01659472866004615,0.006037602746036482,0.059311057969108946,0.013315425486803712,2.361948068790297e-06
752912.0113184319,723847.6557274297,328495.9083173462,126708.10879635831,61244.85401814601,15592.486637991937,28440.47031333146,1218.032428350423,3359.7372102101413,2883.9342695938626,638.7819240397487,265.2614985402139,1009.355719928258,0.024395269551649584,0.006263597975710564,0.09192116913953338,0.01244870004057707,3.5376506220517985e-06
748607.5732105102,727921.2621591244,215198.27572084017,128147.5096991035,59782.856783674135,16123.904052845215,29384.093545831685,817.6082899705772,3527.022783455957,2981.2752196273,706.4196261594559,190.55379391284234,817.2593221126125,0.012109939683801073,0.013252968677929071,0.04403764785265954,0.012249067353095253,1.952402381385133e-06
897431.2666407904,888795.9609579772,220596.46867952927,122461.5846208955,58043.91798811654,14013.943143268798,32244.81093252755,629.815254158809,3122.2023280247527,2581.050973136661,455.06679626063647,139.01321918385483,659.0321503714929,1.0000000549687498e-06,0.020026850797879716,0.03828689250527478,0.01799091965627739,5.977019786264843e-06
750006.5454491851,665596.0125579005,221764.0197193585,126191.0294160905,58539.576413205905,16547.865978989117,28190.00083324904,4287.242215109183,3347.031013710897,2630.6443433428985,781.9091636490906,129.70242209009652,789.6994500881956,0.0011776117971804279,0.010637871628500915,0.05133902529618635,0.016407064161044045,3.6480732828423494e-06
780822.6312179726,700566.8560529238,406225.0985481416,123929.11673224672,61653.27313149724,15728.088820755547,29084.244195914158,4727.816447941356,3148.9841500215603,2886.9608896882473,476.52204258495976,339.66323105083103,981.4966244978107,0.008553295872033892,0.009346614900825894,0.10799790638634,0.015455260262358052,5.396764654291689e-06
811593.7290288591,736123.9440300161,210293.36830171008,118270.0060687645,61127.590474086624,15160.274946955158,29380.27271706301,3654.6510490790656,3450.4196913274113,2832.8353909035072,134.16563473524008,270.20478233357744,799.6392200806054,0.004927401054946967,0.015195540351935617,0.049991131223638074,0.009826345778462024,3.6108219568909167e-06
829819.1860234602,818142.0055199857,486276.97151939874,118015.80776400927,58331.96389193399,14693.902603496656,30448.778801315955,1087.1303251303202,2756.7995772721856,2783.090961845384,127.17311424390341,132.71754342346568,773.0759055748427,0.0061661697062511235,0.0042773914324102,0.13383512770374933,0.012644199535321626,7.54302108360377e-06
788077.725198687,775143.545948412,411383.4841822429,123636.89345357167,61030.06539238815,16135.01668044638,28757.547004281816,793.0829886414925,3071.6920841453034,2891.256358850899,456.33923892435143,229.75561347614973,778.7471155266313,0.000923481452501723,0.0006540086094667328,0.134208006000216,0.010474353839354725,5.997625026221501e-06
671458.4090337596,668395.5769962424,234159.93851403188,132150.7420099145,62089.741775981165,16034.879898637437,28903.75916839777,100.04165151218714,3629.603309606396,3084.9134447213664,887.0058449332095,276.7292107072244,849.808666496821,0.042866944960014614,0.010735361728152782,0.04886848378353517,0.012460402600885915,1.000000001086173e-08
857809.8987454468,844529.9463611793,304788.0385200792,119017.54486521584,59427.700574073046,14500.195975177752,29717.461816761363,784.1361981437665,3123.135755439093,2788.144554569654,187.28403947721938,175.93697576569224,657.3759261778864,0.017793006184098445,0.00155778592773408,0.08392170252000687,0.013372229770212631,5.4989389448651686e-06
793606.6057015214,778084.5381706737,222695.08005222742,120807.89104505275,61333.40725479641,15036.107583192044,30101.846202572393,603.5517705403096,3761.8940973079475,2871.7006355962203,344.216146247365,244.58342208507653,875.6981339008181,0.014765850743439703,0.01378412902605532,0.05763790872573774,0.008647447818947863,2.723444298656871e-06
774463.1410084476,701522.191726269,457848.7687099983,121231.44737319497,60668.294819099545,15798.469958091571,27653.60557999662,4191.962155525622,2981.574478800341,2870.5450979811544,340.78457920266555,213.49577457914629,835.9640029184955,1.0000000396963843e-06,0.005771712538588836,0.13847814467842648,0.01624472996955135,5.762512124919572e-06
724603.1975857347,640720.4015000124,193692.14500721463,122219.48202075047,59810.75045610287,16336.656318459487,28827.230504549312,3613.104354049478,3492.9858029361985,2819.243199533403,450.34366888401183,198.8238971058248,734.3485451453405,0.008254471654491051,0.012535601190996849,0.03842114479568502,0.011855925300756166,2.4414846326088553e-06
740385.6223015595,689190.9886129507,352735.01971081604,126357.69136394668,61109.87049787094,15661.854102159918,28797.307206777063,1902.2244708342153,3492.841957180501,3034.241411323438,630.7791743134036,223.2403148042609,891.3092706746529,0.0349679659055323,0.000634427838213757,0.10465118365967775,0.012721407776072753,1.7409804359597853e-06
778459.5736167022,773373.0866891956,225063.33889225675,129099.1738285098,61868.55242039399,15127.240539567867,29722.543043618756,182.3045800550841,3563.678731732608,2776.2220408697485,1153.7960235502344,301.2853005810618,852.7916680164049,0.03885294948016658,0.0056835157150212845,0.05772181912987349,0.014190348444000371,1.6922387715441922e-06
719918.440239274,630134.8917270114,197415.12551062036,120760.30609184148,59013.71366574453,16585.190860172104,27911.089588571933,3859.630963423684,3453.5633306531813,3042.9669890854343,242.05003110910138,183.35873606024452,877.3689949781498,0.013140190847110387,0.013655670940462019,0.034576431548579235,0.008874575649651882,2.356254023175468e-06
718254.4727465932,691175.7850681128,226861.92851484814,119410.3322477594,61048.27554627695,16503.107940440983,27601.196202848514,1175.8878021480689,3695.435758235351,2859.033222534316,328.03935858453764,288.3302460252529,914.2631972347658,0.007677764284325387,0.013928915769259705,0.05058062849316741,0.0109971612755734,2.5857433439322884e-06
762505.1391842632,714894.9340846741,255303.2308864084,124135.14156024375,60374.63271325367,15822.93202882692,28742.162678538356,1719.4303543192275,3809.4483497101955,2996.054337472951,647.3413737333614,201.65822452411084,753.3427328088356,0.019854242310008093,0.01197031092031476,0.06348169847229918,0.013419935962463322,1.4769428344231177e-06
811372.1984697345,807852.0097400069,353972.52448322385,130204.45746185644,62891.04874842935,15461.12587626682,29366.172521602704,180.6032821880313,3344.256977149622,2969.387399528751,1146.9039480810836,334.35561478531645,925.4401339998058,0.00041636674008546225,0.011877714524891442,0.08141670064465326,0.012269983527695413,4.274488347814498e-06
817535.9667708335,720408.4811049615,220837.8855837316,120940.10727232991,59824.957012685656,15207.47888213378,30150.244661476052,6963.7952866527685,3112.971978244966,2772.933098804493,291.37279726107005,181.98895910565062,779.3448100835896,0.01574559902929305,0.005074456041536916,0.03434059826735008,0.01243063852339178,5.806174633348816e-06
809408.4277799004,765541.5861725599,234858.93736147284,117642.72760731363,58720.54694447669,15265.70256235369,28687.75829965856,2228.9446338516573,3614.9897331410725,2573.707714989716,156.8186612272585,136.831832986401,874.1594524748288,1.000000279542807e-06,0.012725216745220579,0.0627428053198854,0.01926726519428874,4.192501089362058e-06
808575.1990744278,789391.9128294493,368183.4577640628,125271.68226070539,59389.13963942535,15110.66544476769,30422.219374132277,758.5986376731908,3674.377782903693,3015.872239488774,652.9256078705666,143.33575322221986,737.6601534594806,0.016504210753061563,0.005449260865380016,0.10358036549924006,0.01348276392454103,2.9095185175185256e-06
682727.0983717308,655168.0059484214,283635.6436382004,121148.60669803401,57290.427986732626,16763.89166706011,26814.290017462947,1092.023339831185,3357.6492178354615,2829.9071947198795,303.7249932725855,69.28489597378233,687.9826280404121,0.02251826733399149,0.007476186090797313,0.08960087135251622,0.014911328549029566,2.480063001249057e-06
778297.9094858078,761106.0290429284,363942.3031394857,122338.41466524002,61244.95383880603,15776.07244843724,28195.48211793074,806.3651270721133,3290.2567282921427,2832.9020358498765,391.0259684666632,246.79615935696447,784.3403199942339,0.00773795789306239,0.005678808901772151,0.11984823998060762,0.010895486196598045,4.651925650894149e-06
871241.4800355516,821075.8934790434,475443.90767821943,124090.57266149507,59761.80383248261,14401.831535817213,30328.557013909987,2688.2024418492383,3010.5525426412396,2889.5650477880104,570.2851095313371,206.00000481200095,810.1262716922557,1.0000005096052245e-06,0.005259108481169419,0.14952802923332967,0.014612116332400657,5.849140699096555e-06
849362.2978586958,836653.5755086155,413819.79395639454,125605.3169483583,59657.846032040674,15061.24035661461,31186.42610313934,610.2521840352731,3301.715036842987,3073.7567491674085,617.3911735801267,191.15774979135176,730.4739286223846,1.0444570141908575e-06,0.0039862744953858215,0.12154167418132153,0.011426617321446711,4.68311965993839e-06
809784.3914127751,788113.3043594593,434376.9713687621,123640.08923134903,60632.328668418726,14781.511234869338,30288.593695179312,1280.2128859273496,3013.2874111560136,2852.021790947127,534.6839267992824,219.21645355983298,661.1484571785131,0.021344152696000793,0.004833937746311735,0.10855838488934848,0.01589770395155251,5.983362156286177e-06
