sample,ll,T_SA,T_NDH,T_ND,T_AWN,T_CV,N_Anc,N_H,N_ND,N_Den,N_N,N_Alt,N_Chag,N_Vin,p_S_D,p_H_N,p_H_WN,m_ND
0,-282.9694852580252,2499999.9999999967,725349.0717495896,694614.0044111765,129850.90664691431,62823.92793065596,17383.05632707177,27736.55458557191,1540.3362198888676,3196.531845215198,2666.2788494770775,920.5768994593294,334.87218341070854,864.2387216697808,0.006823825463508492,0.057603301888539356,0.016121668472146418,3.72786061189705e-06
1,-352.3640233103606,2499999.999998176,760724.4348220917,733986.245566005,117063.48876885537,60646.791972071136,17141.70026256508,28828.627020942993,1413.804647667087,3355.6613505027008,2585.134917487297,102.00119584518147,225.66349587387353,787.6154875146342,0.004833571855100479,0.06596423434600399,0.012752973468083564,4.928404090894828e-06
2,-463.73742647152307,1385400.6263813714,687210.7667219104,676016.9291756734,117464.51184341758,60004.26252332361,18329.28424687648,26172.419413846415,656.5832521145705,3203.868468204196,2332.6211185616735,150.37258412182098,286.69442749425025,1019.9149443709227,0.021721306172415075,0.07410874499958929,0.01786865082558191,6.509058082868783e-06
3,-391.0382047556138,2499999.999968391,684253.779251393,668547.4364700647,117896.29469685988,59539.49191591628,18159.27329771632,27120.28604903419,803.8107728443218,3397.4340480168376,2676.778582706567,161.0100134336816,205.77796541318904,882.8558122180744,0.009695342633570189,0.06050074716427173,0.012228228017340087,4.12207162478927e-06
4,-295.55310981048086,2184325.6835062765,727223.6192179635,677923.5960471769,120840.91786016611,60782.70974252718,17720.62273388167,28570.603879796323,2497.6806246477054,3168.9976441013487,2592.871728866677,306.46223007436737,223.41969592793856,794.2510726925377,0.0037178001981745287,0.07348405931473107,0.01314725402656385,4.4280551669444275e-06
5,-376.6296434001363,2499999.999999344,750377.8968172306,720508.8529628741,132577.50065970287,65932.36700505968,17190.84249920786,28153.454187533433,1192.815384301717,3644.151759031076,2684.6427219971947,1341.9078623329374,537.7635627020447,1136.6066457400846,0.0029852227811535976,0.06613090074443903,0.018184944436704424,1.915346120214342e-06
6,-253.02347568357078,1000000.0825256355,730432.3319057438,709681.2591462125,121966.2109022505,60331.04612392695,17892.231324528675,27375.00635731389,951.5946891300069,3341.392826308665,2814.055359856404,436.33072984088284,217.781992674423,831.600459258982,1.0000006836414005e-08,0.05694358207559172,0.012704939343421744,3.5740533324501306e-06
7,-430.14795108723035,1000000.0000065881,713301.8734892922,688803.3026262148,117296.5511735715,61357.90187299534,17755.220164534367,27711.328312801652,1360.3620041351564,3180.828269431042,2730.6423048162783,97.19414642372595,310.88557590022367,860.2202666025248,0.08244036619216108,0.04849035145125182,0.0082214234645492,6.393663857484993e-06
8,-377.86279235475024,2499999.9999841517,719543.6564315703,684414.1516811895,122743.3858863222,61100.196429131676,17936.905172330833,28473.16954782594,1586.522736839933,3412.3683146950716,2688.911466549935,483.1285577768677,300.4205060392412,1034.7262695178465,0.008892923413818546,0.06776861330759525,0.014315032034249487,3.6508854499942355e-06
9,-439.9877795798151,2499999.999987105,740762.5434056188,667389.9681517478,119701.89564648188,64133.36137272005,17425.293157196444,28995.364303924798,3899.5684824212676,3023.2613613641015,2622.3632327240075,339.42316443430457,536.5404037550446,986.381050259608,0.0065599230084341115,0.05614393645738118,0.015746451509358127,4.832535973326125e-06
10,-447.4319412325758,2452107.4859963083,720035.8385321766,661422.7136613948,120460.63196108925,63137.05961485423,17709.64972751991,27119.293083451037,3501.9862976553413,3010.358269859879,2665.530657513369,272.3266627847389,552.5040809133582,970.912591338486,0.006992953632110064,0.062452532798721073,0.007264231166703047,5.137116100476461e-06
11,-327.60910867426077,2499999.9999860213,722826.9688439814,710048.3928838592,119210.29372582509,60483.08765923322,17463.71430862167,28103.670511207685,651.0461022296014,3392.0762063308503,2642.940722440099,205.20387419989635,242.89352413032387,874.1358543467943,0.008337656347018755,0.078211004800016,0.01087635539989552,4.641856894777007e-06
12,-383.67373898693165,2457894.8984228633,748908.6102813332,711498.9015696689,126267.5315758274,63916.70853517996,17455.715394620365,28261.333625532425,1938.4148662565356,3339.1970467450974,2617.5386089996564,520.9715343954205,440.2260007537562,1186.2700405086402,0.01260374012809762,0.061773444155981225,0.010553807618598992,5.06417530992554e-06
13,-392.1407810782004,2296982.898923307,740300.9155765801,677117.461639203,116873.69451468729,60116.42996014007,16920.165547981567,28421.514108013354,4826.187598596134,2980.241797578948,2432.6542672975834,91.83213903502578,247.22129385872043,624.0135037402404,0.013895882439365485,0.05610303828453924,0.014610712115660129,7.360102716889351e-06
14,-313.08733399884864,2499999.9999961597,704228.4421055055,657775.1755778034,118539.25065809763,60805.324249919955,17722.439521589604,26596.716246344327,2253.526211388261,3265.341145462842,2773.0201943668953,164.13898618341838,254.8292353668784,772.2495594667982,0.008492099458541633,0.06242930274793674,0.009390530343511635,3.90721269347959e-06
15,-303.936302954414,1709831.94964891,724573.8082588856,708046.1505054354,120833.76108808938,60932.69617643579,17382.69346451538,29627.273187305556,827.0615959975233,3064.3227700740244,2694.4629528574283,300.17523862456704,243.68504478316467,860.2423146290064,0.03419649296901702,0.04494332983366284,0.01557812676854635,5.099080783265155e-06
16,-282.6706303939991,2499999.999994663,719929.8758581699,698250.8553981425,123678.69297427569,60539.47406882639,17912.71772846221,27567.033145422218,1138.100686889821,3361.5763689359187,2744.8915737754664,383.46647377956003,236.38916795073953,806.2228495144485,0.008011389478566458,0.056051495948893394,0.012579692055022235,4.271364694870475e-06
17,-309.9506920926318,2499999.9998611566,714568.7979503511,679431.7537447086,129010.35366409949,64043.33146114123,17870.099628092612,25885.581439965405,1508.3584333606893,3457.6709157175956,2764.340020193507,792.8680338636999,434.5105987079277,827.6110815546629,0.0023966720361770287,0.05925758546801095,0.01206620872909847,2.3736196076164076e-06
18,-385.69583750268305,2476844.2353235628,705380.4305297086,678164.0580860532,117349.21938294209,61279.70198002948,17999.83113261592,27388.912110407055,2100.3850440770284,3029.0018929273715,2382.370271955199,151.6089946667142,311.898287201184,1008.2828006092219,0.008387007076399305,0.051378024959617026,0.01895980436884238,7.49634033394037e-06
19,-397.83631171133146,2201692.2684023594,732702.1681503407,709534.0562763127,120822.08269225905,65568.2687865209,17510.86747669968,28702.670013598366,1259.1160521200186,3243.8037422883012,2626.3398826380735,284.72427184197977,432.3822335126236,1142.6408023504625,0.012780574738787381,0.06118321486933149,0.013880090125040637,4.860633449803424e-06
20,-227.39236079167122,1137918.038240545,716416.4314674502,669338.373268158,123216.19239092009,61389.78945560674,17691.836168865804,26741.74523773715,2016.175684233849,3508.000251031703,2814.0618508348425,485.46360894142293,234.6001295081615,793.1877796824955,0.024935455155763547,0.06472949834530983,0.011520129720546855,1.8545103069034764e-06
21,-425.9956744232758,2499999.999996422,740079.8106072729,719256.9352939852,120824.16843819307,64549.43909031073,17424.776840483486,27355.51679221911,1780.8649604703567,3019.623381971868,2500.687890500386,299.21449591714736,444.72941911858254,1122.7061373462127,0.0005759539177494396,0.06556526187108545,0.009340481385665029,7.087404899769154e-06
22,-380.77709326475053,1743039.6182195174,736190.4987776463,680072.3982013824,116327.87233166656,62139.84823369044,17240.19573700341,28388.244788619326,4059.263577772473,3060.940561910828,2597.7617954797797,61.361728716481664,404.235479902725,885.8081352813228,0.011164847316473707,0.056737305975427955,0.01198902532062928,7.01023172994073e-06
23,-318.75630866445545,2499999.999994281,682878.0780417895,634982.7859372231,133386.59181566822,66524.04448528851,18356.003587905452,25537.08721036787,1776.253335077082,4010.7358633644535,2651.1319511718134,1293.5571090816206,573.0264117780473,1121.308224341747,0.0011445139818237618,0.0789655108017129,0.017798410385083025,1.0000000045937778e-08
24,-510.4750827618718,1000000.4644187887,752245.5933275656,725915.6356591812,117020.48400253223,60609.16093022772,17346.856886896803,27195.628242761304,3755.872780955793,2521.6800494310114,2405.1214918035316,92.31400213945763,281.25930223848843,958.3645810286905,1.0001068362928503e-08,0.05100506959717274,0.013036403374473432,9.167098566782722e-06
25,-378.67712211006,2499999.9999995306,751634.515420707,707048.9836318865,120725.91043477294,61269.53107246781,17424.07066446093,28213.784329118018,2117.316069197902,3301.20557413036,2576.094757337875,322.5110441589495,288.949974659487,987.0222225582902,0.006760221515066267,0.08077297327840709,0.011700660057489593,4.5591944864398185e-06
26,-391.36849740321,2499999.999999664,691053.5142224362,668779.8233681899,120231.13619932525,63873.29819989463,17592.528371440058,27019.57031596985,1505.055990047444,2831.8439376290776,2931.784466234375,223.2219921110351,418.98415252670424,810.6177926708178,0.011546266154047137,0.02357832036934793,0.00826400699887819,5.831012832446743e-06
27,-287.14390664369625,2499999.9999941657,763183.8064711012,704379.0441639958,115744.62015936553,65305.0313603174,17175.906532959063,28750.837402443532,4145.928500998052,2989.6441890774076,2327.629939247908,35.853669916174546,560.8238767555813,1346.0159502894649,0.0005670267603401955,0.08369206327470845,0.012949603683852761,7.438388640448758e-06
28,-262.1084498742271,2499999.999988788,740932.77641154,723086.6641227071,122745.38457024345,59851.1933836214,17650.83515418501,28805.925167039408,928.0825990119454,3478.155091387833,2693.6600409314156,510.11772752892375,189.02105359289436,696.8984139959073,0.003435954595476951,0.06318770839950001,0.012814375482129424,4.2195269836309965e-06
29,-345.20670016678974,1003840.2919423559,716147.0058024114,706920.4489823416,117416.94843564404,60249.26549721743,17757.944274989324,28061.312796521954,644.5164158178474,2834.107063367717,2478.041239898109,102.76715228464663,244.76907026885303,738.9115257157777,0.04127752881326177,0.06772074625979373,0.012985797528410748,6.797725172474413e-06
30,-368.2881733076704,1000000.0000032467,714190.3486756149,676494.0835304989,127078.92372241867,67651.68249742147,18166.17293280669,27375.530176773413,1928.4014009044618,3652.2342466078794,2627.79456875132,652.2241582423358,665.2830878142487,1213.0573401902707,0.008218741089449932,0.07108362375678089,0.01143338144567901,3.938343285253703e-06
31,-466.4542717582905,2499999.999992114,759784.3624390491,754763.4058092281,118754.77657102828,62342.7546779459,17189.030855908863,29774.588141509033,416.26923079027625,2844.1570244511768,2410.505928079558,211.75103552805436,403.42747362468015,809.3327638407744,0.008339076799283269,0.057250972979095066,0.01656586195803278,7.418985279715624e-06
32,-423.5912705712676,1562387.4057996557,726408.9354707259,700116.1079009137,122070.26824965549,61197.01391610833,17610.6281585133,28068.69860208888,1452.8416463797773,3197.0088078456533,2732.3906280867723,404.2874786998917,274.828985900679,788.0775058503057,0.023334916737094355,0.039844615213624604,0.01655340098404728,4.786109171176912e-06
33,-403.2402546140563,2499999.9999977006,698018.7438939969,674802.4401739108,130712.99972560126,61710.769395094954,17663.661837541473,27797.49157052016,917.9597182668798,3588.6307717170675,2956.3168713241303,1010.7606003030825,296.55259327812956,807.4970756241648,0.004733272498885306,0.047365074463495443,0.012494146355950564,8.258249164467415e-07
34,-298.5484633898525,2036159.0650261114,717567.3064112989,670695.2680113629,122176.93932603368,60596.809422424485,18059.948284088045,27941.8254543718,2144.009518229223,3601.6311728929572,2766.693191059715,408.54103250129265,292.5169532036084,1044.2733571085269,0.008974459749740865,0.06860112154470191,0.00980698184436095,3.818130740290598e-06
35,-372.97234096571447,2499999.9999999967,719509.2192022324,674681.2140257407,119211.27566044618,63206.258027917014,17794.969444624177,26633.390204166368,2091.885860902453,3428.3923529892686,2618.450205936673,235.0670658500382,481.54775121859507,999.3099024753592,0.002893681128647599,0.07964493480620435,0.010038562279464187,3.6262036056025165e-06
36,-418.24098000136905,1000000.0000027103,720043.217156061,714283.2742881412,126501.83960974739,68219.56851793132,17646.267312617198,28627.22576899143,351.87818711104376,3097.4287629232995,2625.464462574199,564.4512840874781,821.0632633857099,1263.7682353624061,0.070053277991697,0.053466907857310494,0.007963417818104541,6.44545251592221e-06
37,-378.55325454876333,2335610.719711649,727994.7548243037,713220.5273364689,120339.34547809583,63025.80445489929,17458.865412152216,28599.342447512194,1066.8940353103094,3071.8722424278394,2556.1780519942267,311.15510872065346,332.7871243452913,1075.1055125322948,0.014217294623583263,0.05201112724915537,0.01799949893837486,6.766862292767713e-06
38,-410.026688908368,2263158.0956489444,727599.576383368,696344.8466870602,118472.57202607064,63565.81697622696,17926.822613977507,28700.4319321061,2095.858207624729,3079.691300444121,2582.536301436366,125.61766284503373,403.15961480220284,772.7545286929084,0.010787025030779952,0.07338100385122101,0.010287921459758572,6.180802187127797e-06
39,-301.5275559766256,2499999.9999971944,733061.1708685117,676601.8537359439,119219.11711134634,59515.73905173132,17063.839196432415,27003.780867966936,2418.7251506195003,3342.7447873035376,2947.6531153713195,230.61977099011318,163.30784480108954,707.4186875625438,0.008970796036443502,0.058439976913246455,0.010221092166428088,3.0545618903741764e-06
40,-347.34578650079123,2459520.303442488,711451.3588023789,702955.5378209732,118973.35130896368,59891.26186838868,18223.633390102,27704.992951307977,563.0221902612691,2937.3350630886566,2556.023418603874,178.36407155936163,197.9182950698493,805.495874415605,0.007861757826748455,0.05760670350254765,0.016858960722952614,6.065599462956427e-06
41,-321.6468989739932,1993458.6118303612,742430.5041308972,736580.163457902,119785.29652236131,62244.03119541754,17124.772928304268,28837.099648048403,481.001726004033,2999.9731302383134,2661.621097021728,178.83093650044228,366.21910650441015,974.5884043993428,0.01030535721881856,0.04298962743645509,0.009743963172279721,7.0973038978071596e-06
42,-462.79367804576407,1000001.4254027108,724158.5130551495,666496.4177439046,119025.09273665171,61663.197441899574,18018.930261049085,26667.346085621957,2976.3391718547255,3350.019152565593,2486.384719027885,263.29095065000206,342.8863963816284,972.9171331830746,1.000044624409153e-08,0.0807306443873795,0.016374091753181788,4.128096816695986e-06
43,-376.42668537574224,2499999.9999970924,731883.9876721093,669300.9137013764,120822.15373353772,61291.20505266408,17654.1334906303,27806.618330813533,2751.7663730562535,3389.6676216400892,2754.8129754697916,312.43262268954595,266.13338116893215,735.1243196930847,0.004144508495695055,0.06612205767784046,0.016476884141635312,2.4871319003963872e-06
44,-359.36098599464776,2272548.371939248,704599.7380667576,687829.1937056421,119660.89609413329,62570.92091331057,18222.48163095513,27298.692139414587,1167.8321205451514,2983.803050724409,2376.8821696717405,346.61187008125734,338.2470455384973,795.1778367977314,0.0060805214205761305,0.07365261320899856,0.017446822816719772,6.866621025094649e-06
45,-281.7287762086285,1000000.0000033089,739586.3668475226,647601.084682567,136108.15885187237,65863.08153342998,17470.102447573616,28024.24160742448,3189.7869749628517,3682.8111663210443,2925.2749229301116,1393.6851192685947,588.0797693193799,977.1855846612364,0.04587025536308135,0.05964429639696002,0.013252191356989048,1.0228993934563178e-08
46,-380.82481085951315,2310844.0346264746,731599.874038696,707026.7056495697,119631.68524419093,61136.25317593947,17816.071860095908,27520.456009812093,1268.6477774683783,3267.631679325462,2593.1086367326975,246.1877541056867,256.070760553836,807.5027084223516,0.0010624783964498364,0.07222318954204356,0.01623794594511227,4.1737250640052955e-06
47,-361.64366948522974,2499999.9999884902,749263.8166831754,709158.7652913992,127600.23110345987,63571.338638918736,17188.11268630491,29679.57109754368,1746.0430120800333,3360.5730694651397,2790.8798175957168,747.6964474855358,421.4051784627238,978.538131326912,0.012473418952859723,0.05907999996982975,0.012257705314274262,3.1568420473368626e-06
48,-306.0872606996762,2499999.9999885038,745531.7693213526,717455.0290365969,118312.53498394933,62645.895174835765,17268.417045243732,28469.50808199833,1399.3921659089824,3331.5510801346027,2528.008882273264,192.0421869767945,304.61759629273905,870.8096547537505,0.001344588840275721,0.08060931040827825,0.01487972333999136,4.442562718654456e-06
49,-368.69138801582324,2054040.6211593163,733255.637374386,702502.6413357978,121464.74680857953,63261.22217216628,17279.1861080997,27923.35978114016,1959.017976963374,3041.998077363413,2512.8783354284337,321.9692759357351,454.4609127143346,862.8548879502619,0.00774650776423999,0.05158600654372882,0.018166397806728483,5.9973949199330824e-06
50,-352.38946511277453,2499999.999977708,704596.614004466,673084.5239415752,117924.49598765868,59357.199205672194,17881.672571959338,27261.70572628501,1875.7252766278907,3325.926729157234,2522.5934298611496,131.39413327260607,187.29595523177443,860.6872593711336,0.010754065550890458,0.07379136650491727,0.010971086512866365,5.4778760837876376e-06
51,-366.95355252261527,2499999.9999906085,684245.0094630475,645379.108530734,118156.41839001763,63859.57557619312,18336.162285365237,27338.267543974212,1823.5093608418629,3429.678578205425,2671.1886124809707,163.10028872642033,496.9536569453256,1135.4364844908303,0.005622176584323173,0.08518862743680297,0.009290969021599442,3.4193456843983432e-06
52,-322.04839563048495,2499999.999993855,726429.9379322828,707260.9171612217,118930.18396455697,60447.23814490974,18004.997743339765,27629.944380183613,1103.0059399564193,3388.3503043920605,2585.5470504205423,192.30411506356486,276.9965881264889,858.9087036491991,0.003609510836618542,0.07111691703937133,0.012143220737457636,5.116327663577394e-06
53,-359.56437713786727,2499999.9999940014,752726.2931680905,732620.8644821264,118653.82055567834,60740.45154830598,17289.6412949773,28824.27981940929,1913.5199271698284,2863.5600917785932,2395.0357734041836,144.40725038397335,301.1759453060025,868.8931167307059,0.003641080525053282,0.05296700054035714,0.015772477925839353,7.784730479597423e-06
54,-320.82786368757706,2499999.9999914393,752511.1639384715,701994.7366610303,135284.7413895601,65424.92012238091,17115.00446355561,28244.840519662826,2049.3795341949954,3489.155941968746,2653.0120192290383,1144.6492715232484,473.4680994080107,1128.6418660343984,0.008005928030103256,0.06268703377894036,0.01744018620012502,2.263867843389075e-06
55,-374.6912720483832,2499999.999982189,673584.8949512418,653689.6359534555,120739.0287241362,61667.657783563176,18541.892945467604,26606.26474736823,986.2468109233889,3373.7212410648267,2516.2606628689637,393.79827186377685,409.56782922477475,1011.3084164641579,0.008905271406086095,0.07791956197309388,0.01608613438187816,3.913248283885747e-06
56,-333.8775299215678,2057185.3138016567,704266.5871412385,675848.9312579664,125789.68586412286,63132.287549827495,18113.668293272087,27132.97998711779,1349.397713227033,3413.3351536770565,2748.025301790638,642.1161108136193,437.39977903026846,1017.4752185334086,0.0028593263817422126,0.06856557878815847,0.011005927021359914,2.8584758918209254e-06
57,-432.6124714025247,1940365.403766489,740817.9079500636,675252.9160297128,119657.4795959083,61178.27858075674,17135.35693809884,28898.63016186369,3415.2774600407815,3134.1668472770652,2728.475866119922,245.64669889082825,273.8389070354018,765.1284021427876,0.011118274566238151,0.06311527369541216,0.007935311041996641,4.711857595845142e-06
58,-468.7011228140801,2499999.9999835077,734369.594193582,679134.7361648778,121408.65232803264,61359.32939984324,17512.69136348443,28578.957685706606,3054.196591641397,3087.9239867447586,2722.788837410083,314.2215159175665,318.6741241810728,862.9836677455004,0.005414028228548472,0.0582138955531677,0.012539166639120667,4.729677418779695e-06
59,-411.0484765649033,1958785.256500663,685089.5921077722,641615.5325018187,143658.02145185167,66652.87750725509,18529.414209748094,27113.39045545017,1641.4451997583517,3630.3622078004987,2804.450779457021,2152.298503864303,570.0931617856331,1279.666536364543,0.004722628599092317,0.05315957420793893,0.016167907262783776,1.0000000007052297e-08
60,-407.0729630310816,2499999.999995529,696113.3172679106,678942.3243302098,127498.6354611649,62888.598076703885,17799.480268001502,28036.504425629115,755.413993229048,3349.1744526889906,2706.2590319976475,837.178591942009,329.96446433339383,858.2413081781336,0.0006340370976555229,0.06574161605261292,0.012549822457526097,2.2855184906027244e-06
61,-355.4954065242211,1000000.0000141766,723260.0841485705,675284.7134806582,118270.84581920049,62102.92901469872,18075.3454494232,27888.53529867558,3066.3755732185236,3014.946162088302,2463.202348197598,140.40453651206323,305.6551178147251,970.1984452227998,0.031619811872336735,0.07391680478111838,0.013267815433224844,6.625000952653993e-06
62,-417.822391088493,2499999.9999976074,708997.9098543115,676245.4456636593,118149.71763621001,61393.37087734189,17923.618550977408,27214.4224066791,1877.3747102821205,3041.130936682076,2604.8407013277865,145.1758114226124,354.78143309224095,911.2752677579956,0.00026520510907118575,0.07519360877275806,0.008501719901823197,5.00228619093134e-06
63,-447.8594036875817,2499999.9999892674,727204.7723798765,685405.4512181731,126466.66629708918,64068.82857028264,17738.878595859525,28693.075880852844,2319.758609122962,3245.432490084142,2476.5360706208667,750.2040823973755,404.61450989694504,878.6819548740355,0.0020949954093495956,0.0669918215079177,0.0171521253005649,4.3696459441460084e-06
64,-358.79129443416804,2499999.999996648,710864.3026270254,688439.6103117873,120992.10322395581,63192.167249543,17873.54569795686,27669.88424269675,1134.3519168791581,3223.0213170635043,2633.7611430771026,282.46663752711754,457.83300355301213,871.705092247323,0.00750234681756176,0.07368371308107328,0.00843019601249432,4.772298015265381e-06
65,-393.9788664016891,2499999.9999856036,751438.2324064003,712600.1715060247,120979.34441299156,63625.990023128186,17734.77429705443,27535.94684615026,1829.9071895685736,3223.2459775277594,2596.343815983701,366.59692932244604,479.6662569404313,1022.6472924909842,0.003635183363333211,0.07334381709920289,0.014212558410261849,4.121544052684682e-06
66,-344.5759673296079,2499999.999979831,704519.9135139802,624354.8040759818,136083.5169761155,62864.07974193614,17874.69927468672,27214.739490281172,2929.7153407556684,3788.438206294931,2763.8931403968418,1924.6944763322176,342.0766271827469,1074.7458611359061,0.0071856161589251505,0.06622465342765665,0.014954661303165634,1.0000000001274874e-08
67,-467.8279906825927,2499999.999970705,687587.6476550341,597777.6419925907,133529.14002382776,65999.18387403776,18266.36942326056,26538.108180629082,3468.2516250802787,3627.609376487126,2630.5155056896583,1305.0194552410467,527.2574772151806,1049.3131930107702,0.003970897735440166,0.07730539154478504,0.017222826015845377,1.0000000001160229e-08
68,-302.6629534535013,2499999.999987935,747127.6074478186,680459.4080838165,122825.97940733013,61566.45143251109,17380.02094563965,28476.202800089573,3202.1265956249,3408.3230968157054,2744.9372927306795,562.9603472343439,273.79583511862626,840.3275671368486,0.004956461583516408,0.06889440455049581,0.012681828720802408,3.229724307728459e-06
69,-406.48390928769163,2499999.999993642,681575.0929394874,672147.3432371563,122089.12392379613,63139.641662474125,18332.925663170994,26359.41119880228,440.1680856082416,3346.6087727825648,2916.674467717439,369.1954114924926,433.7196240073739,855.3838884200093,0.009572174547908895,0.05570880976042943,0.011032551384869636,2.9323941469188764e-06
70,-412.6864685383771,2240595.509080613,684474.882967881,676931.0786906827,128593.48901095947,63056.04014018446,17946.191972192097,26369.711224852483,301.05340478680444,3686.0540599556475,2934.39520897425,716.7121115397935,315.01361050090185,816.5958781794972,0.006901798045180071,0.0523881417719586,0.012379382970816234,1.1746245191664778e-06
71,-457.04701973212747,2499999.9999987446,712818.0345825703,694022.5076888022,118831.21675034093,60909.99150667288,17667.77955908073,27213.997750749193,1107.061467591058,3085.1849921082467,2519.69749979257,193.47733026460892,279.7724202493397,733.9186325318221,0.0025560892674797433,0.07036329442704171,0.014986560644235971,5.28614494921835e-06
72,-407.3345510567642,2499999.99998099,708454.492015838,666778.2821034632,117884.07142034805,61695.55976814777,18100.411501836013,27645.52556250815,2563.646972888593,3181.643293472859,2669.646464255348,130.31189657817978,331.7289312551697,734.14334639379,0.005893814385765371,0.054791475389636426,0.013816619062088087,5.5201997050439375e-06
73,-404.1712432302488,2499999.999999215,707185.7827891604,694400.4879411558,120898.06569358005,60260.59883517721,18005.617683109456,26858.92710647155,692.9084486407202,3217.6140316967194,2632.492205203156,273.62009317429164,228.89432432963662,761.9379004006671,0.01083627231515484,0.059770962145903994,0.01531314070794206,4.90306124358134e-06
74,-364.10301299684795,1040960.52816587,734031.350847101,683040.0246670004,132924.9908344159,62259.46531841537,17427.63703477421,28785.260588751436,1847.2527036366034,3752.6598428464577,2870.7754826280707,1100.7277909966792,311.666885353666,909.1798971321085,0.042992592672173695,0.05136390415679473,0.01658304594560232,1.2794363241666447e-06
75,-421.26119646970596,2499999.999985635,715488.9326659513,677810.3980587362,127508.81681325569,63124.900173598,18010.581568243862,27314.333652021825,1407.5855596621072,3621.3887663365613,2849.9199505986467,794.7143493169184,369.0899998841614,901.0655854617157,0.006862209235526497,0.07382030365847578,0.011349200914315495,7.180098351560323e-07
76,-375.0624803281479,2499999.9999943613,685448.7336064719,647504.9959841849,119098.35976699923,65690.53105609947,18240.729084215138,26730.786220246715,1734.3700849970785,3168.364403562083,2547.639981411518,199.82662598805098,520.9077588503435,1180.7653531293104,0.0059655601148350754,0.09143847613125437,0.009082354006422157,3.8529070390426166e-06
77,-267.25223032167423,2499999.999997816,746121.7552153016,725340.672112398,124793.46634291021,59928.04707724129,17311.191773364026,28551.326284615847,1146.817947867014,3209.443777270064,2642.3272557752352,537.2157806758225,241.59867048614916,904.3476660353365,0.005151399086679359,0.056216472663212246,0.0148936161917169,4.605694103857395e-06
78,-299.6689368182514,2186764.527270599,690556.8237674882,665871.2868461605,126242.91491735978,61876.34871845402,18115.057857628253,26342.783516153144,1228.707949897523,3474.5596594003086,2679.459001920052,719.0670571562471,394.37577268066116,932.1377997541101,0.00935361479281352,0.052071729858094835,0.015464657586680718,3.240662150206383e-06
79,-365.3519892066971,2436860.5679212636,675622.4905825017,655330.3449204947,118693.3078050322,60797.54970839765,18399.949618627208,27686.502407076234,1333.0284737717764,3330.5405588606773,2791.254176691407,213.24668659478243,283.1118511883239,826.6868543685148,0.007709975900087592,0.04098966291224221,0.009203841854338306,5.891019596943605e-06
80,-318.0308591897112,1298134.1711575706,739499.9798793568,709947.5706941962,120959.84187737876,61426.550582137024,17392.18812221242,27610.5216849412,1723.8249682355292,2994.7148129658653,2435.7119167574647,330.32213105641716,455.6952119072732,845.5802984517946,0.011783392048947919,0.0714686395016992,0.01675667321417927,5.200533714493141e-06
81,-438.36662860683464,1069800.1866339045,736900.7945668907,718631.8465602847,117432.32345775924,62825.6955901798,17396.56383041496,28695.894965420906,1251.3116775802828,3087.443572796525,2588.8256034980177,118.25082869123791,460.01602244285027,1143.5060947405364,0.036695347243981324,0.05355141305781686,0.013452788087956033,6.736423931678692e-06
82,-294.89035008583016,2483044.4716885425,738311.7312666384,713639.8481240852,118035.2915184938,62263.035743040404,17537.018041796415,28651.644245060368,1359.5874793192606,3102.487955502868,2794.8136371752776,141.21387355397437,320.9425353667741,814.1552696229161,0.005683199859132966,0.05610613505109788,0.011526464775850766,4.638017315503145e-06
83,-265.6284039055723,1106636.6586488783,704466.2161226383,688487.5469864141,131712.7020894792,64977.849163724044,18031.06399413565,27266.634620184253,830.5056869517106,3395.047149575083,2657.5844067605694,872.0928139169811,469.7493521677998,1085.2466918862779,0.01847500309974632,0.057981275430091815,0.014693156912848414,3.752645834085025e-06
84,-377.5384464974193,1000000.0000905689,705997.0602125742,686553.0707450417,127035.4307471832,61412.747235454335,18105.13050153012,26307.542091335137,1008.5553250347784,3253.932195722077,2735.4228343866976,747.345525708031,298.469957131437,863.0146130935976,0.00028138948988096793,0.05630836863761368,0.013131140225245308,3.531706968968054e-06
85,-404.0563668809176,2380718.886648079,711732.0140452838,667826.9252076225,117337.92487755475,59682.59177408568,17694.55234235792,27699.780037100172,2358.56623123137,2956.8284604070327,2548.7908999800693,96.91313293706197,190.07535500510835,708.3078287590812,0.00897380344331948,0.07250358511898573,0.013372525923922999,5.047196085282259e-06
86,-220.9069545241595,2499999.9999832325,704674.6815042159,647143.6567797295,127431.38385963567,67611.26516322422,18040.00930759789,26988.0638780524,2283.7540833014114,3620.740713939751,2645.665110564476,847.020309095207,665.4856940204908,1194.0578726067135,0.0016747377412205417,0.07597866702907292,0.011179465627912263,1.5088124796273477e-06
87,-337.0255865107578,2499999.999981931,696986.5841934127,666533.9683325617,127634.17639686707,60824.43849203035,18670.656083852606,27005.995656162515,1147.9696844706668,3672.38753108109,2798.391708010992,800.8452171828121,267.1772961858355,811.6511059293708,0.0010243923397006399,0.07168064384120447,0.015770396121758744,4.935402703785701e-07
88,-363.37024016157875,2499999.999984605,686214.8772468253,658818.6520084802,134458.56357326423,62599.11442386233,18342.35682915198,27141.992180211917,1013.2081927975797,3718.8308305293913,2747.1548949248668,1776.432939420187,436.92745320559743,986.6921841148966,0.005377539131102682,0.06347380783790273,0.016976476142409474,5.403143165848509e-07
89,-384.9705682440266,1545008.4643404924,696653.794530703,682023.1655019936,121999.98421966423,63251.162324767356,17996.52694403073,27363.69174108667,736.5446857088307,3112.2566909664693,2564.917176402364,456.3938036639281,393.67617965175845,953.889922746555,0.007648068634540411,0.07731323852394346,0.01533610543330012,4.095405837361502e-06
90,-345.5315964661372,2449873.437551698,715034.2754724241,686796.6277344554,120596.41122059997,64198.80044963692,18009.61563853881,27486.300349407236,1548.2422787744551,3386.7460837774215,2614.1412353284936,244.97209959558572,470.71191475435757,829.4013717794642,0.0034493048816318698,0.0736540645675734,0.012842201901586187,4.186920604997972e-06
91,-306.7579580205555,1061108.1845630163,747444.5656314733,700772.6424507506,118100.16780399346,62310.22608188972,17394.45871984376,27372.277157538032,2808.489866329933,3220.1777199535836,2568.992577251173,147.555330363091,324.0322516399715,858.7562552275124,0.06158272686372129,0.06671280974979421,0.012303628811007586,6.073988734323621e-06
92,-333.5304871784622,1300094.6975451503,737227.7647648988,724947.5101041216,117656.04622309128,60792.86402180787,17720.143452647666,28390.711351219627,726.4745987905281,3096.528668597793,2590.4677503264797,131.2630551918917,260.36058615851147,758.4254877973876,0.01893238103168174,0.07160836450065967,0.011336869188517427,5.343878390050842e-06
93,-378.04441234331443,1911501.5330204656,700738.6675674695,670829.5330298119,117657.34713810647,63272.50708650519,18228.86971719839,26857.924120114498,1775.0216850348427,3215.899539111889,2691.975346436956,96.26900926375902,449.48350433136596,1176.0117856853904,0.017118570905189517,0.0697475003355584,0.00730502719832602,5.598333151539977e-06
94,-432.4904161193542,2499999.999972179,730989.1098292117,709296.0541537307,132073.74393295313,62105.65167202226,17583.601828514515,27936.854523119702,1031.3938728400062,3462.4965578402084,2677.1524765111785,1332.137330699164,295.4287525939674,836.0105807764072,0.0024074110038175027,0.05776297328224386,0.018221832791483445,2.908795986503085e-06
95,-248.78411944424647,2193128.5102234297,699300.0507153439,678039.180504873,125290.47785831692,63232.065277939524,17630.7660959002,28858.97548440306,1017.3093143434932,3451.3524362193366,2729.4341496158013,572.9362982205366,382.83359933371463,889.8361516118995,0.008413810785994354,0.055178882970607156,0.014566769732762753,3.662954279162403e-06
96,-469.6636833282597,2499999.9999758247,721086.9011035779,691387.3699220818,132516.78688155147,67843.26939309495,17852.624655320484,27799.961827055453,1210.1802983338926,3700.8328945937456,2586.339855183614,1154.9071953225912,693.6098672730249,1285.0433644031648,0.0014394412736133493,0.06974974139777795,0.014408407114104509,2.0597336645809347e-06
97,-227.54199754373724,1719882.3783071388,713535.2134539393,685143.5190518592,117593.06325280902,59558.88893342728,17479.680326075577,27008.112525757424,1844.9570537825302,2799.3165985908145,2541.0197562159615,89.30071784409083,191.4204554487891,697.9805151632073,0.014761516752256247,0.06419107442058816,0.014373364094522409,6.177468296909527e-06
98,-285.2683785071067,2499999.9999490506,782288.8055855457,738216.1620078045,119032.85771288657,65208.9470320633,16736.97971103304,28318.454327070565,2524.4769172169636,3296.042292102779,2478.5428624864953,163.1418179104717,514.513632471686,1029.6400061064792,6.412769241455778e-05,0.08748957652777735,0.010532559139617164,5.57399781759658e-06
99,-365.81962246385126,1009376.8170695314,735548.3289028731,704681.9627394103,119669.80137523117,64651.70144467813,17842.270715735947,28527.32758942246,1622.5360908988162,3368.8943210825646,2666.7864813480787,181.16707979056105,529.8644835859503,1038.745726982141,0.04844647687568897,0.07861845925659267,0.009365545286088081,5.237460306850501e-06
