ll,T_NDH,T_ND,T_AltWN,T_ChaVin,N_Anc,N_Yor,N_ND,N_Den,N_N,N_Alt,N_Cha,N_Vin,m_AD,T_pHN,p_HN
-134.97812993128326,724186.8544914341,702649.7457712727,118213.06109915124,83120.42801841543,16782.62243123806,26797.65134121981,830.2890268835577,3710.314165444316,2912.6197130006976,234.9631171646288,110.0281572011396,1408.833511001685,4.083233652439303e-05,248040.2410001151,0.0910020378658648
-176.08869846585802,733409.345566857,707687.7631612907,119556.0474737874,82823.6153380539,16932.821895933725,26019.660947424047,885.4500923122199,3644.804165493644,2844.495383223243,285.2880601194533,143.07795574864448,1130.2950603479426,3.181241421680447e-05,326253.3210393569,0.1670684166022578
-163.54380808565685,755476.5328343529,729733.0950997906,128921.1984851618,88274.25242697488,16372.589340761597,27418.426590227984,980.2165932633978,3812.349870415145,2900.321088449233,667.6968275736655,451.72111380131895,1578.1764422760557,1.346095179729028e-05,232983.92425799792,0.07420947594612
-156.0135683929225,740733.6619703674,719451.6167565377,116018.26032905646,85237.6607518515,16762.30570933046,26616.607609877155,833.882306375849,3867.6298060480017,2728.6743623796497,171.3280314720069,239.65294530176888,1598.244764045832,5.460730634756693e-05,226118.4214536567,0.0927457528095445
-196.60868630134945,684593.2515962443,659951.9405750803,123469.25086071096,84730.48467969477,17673.793198851832,25478.21222164564,980.1217362338396,3727.682653240761,2672.9897986018527,382.4009204549515,203.9131119527216,1437.197116941695,2.6309193684846263e-05,233353.93592874616,0.0887951676411021
-166.95475852393884,733305.5302542481,709302.6740396405,122876.95816611964,82431.13918807947,17146.972943712317,26151.65721032809,970.8029543505892,3447.878328070004,2927.781191144524,350.4545740995555,99.14089804985746,1385.005225222549,2.3980425575342e-05,258550.10672877787,0.0902422901838893
-169.67137575640766,685041.7983224621,661615.9105358004,130005.13645988444,87680.084593879,17402.68946109627,25866.036108681157,888.1462478438981,3425.5742481755715,2887.006119005047,696.1408105051047,383.9754465931971,1484.680358309303,1.4328849372082703e-05,313212.1346253728,0.1266686743553352
-152.4734030352547,747178.2566714918,723244.3492476802,119242.89592434236,83789.54489894326,16584.27650749602,26616.054112188336,1003.7053544113912,3424.7466349009987,3009.1749052509267,270.0936583385602,175.5214412229055,1519.8777277799002,3.965703277188024e-05,205805.1350368536,0.0581659116462416
-229.8848368729277,736416.6804194542,713667.0111307694,122567.3015358089,84880.16037238998,16830.2423105197,25557.42981842797,922.7296671197324,3710.649292037714,2990.0145447807186,379.8996631133186,206.88762011261736,1618.126672988716,2.542128356705334e-05,270587.46680316125,0.0933380010915196
-187.7939533708076,704435.7486722241,683322.9066236542,118195.93184363584,83522.93490165674,17473.5780858675,24898.02459229316,775.6890498436403,3591.935350345392,2943.1702901198323,203.12635419573104,149.4096683335723,1497.9217332050616,4.927942647129335e-05,305947.9908439107,0.1303371514926501
-162.84808762484738,737658.5894621133,716205.0327615796,122338.1231535658,84186.83992655587,16764.044359415748,26915.359452437875,828.4345728405806,3624.1852296513534,2848.8829513221467,434.70720801598674,219.9878795398436,1448.408121152918,1.5697534796873912e-05,215114.2617515704,0.074974217254337
-163.78715986559612,737659.1080455779,712821.8824162624,121270.70594859715,84372.17445894337,16840.515329258273,26521.80428000842,920.070745637502,3757.888135904488,2653.7728086690977,309.99699339055,182.08816205164624,1366.221655881547,3.064051577905947e-05,239805.3441486936,0.1082189253230961
-215.47197266443789,745221.7471366498,720691.0553417304,122127.35566915153,84478.43981753476,16908.72032050026,26658.099526853646,949.294347936504,3762.230560149189,2694.477211136627,350.3313288899017,202.01484719012663,1359.672079682679,2.321876319469996e-05,224340.4290741442,0.0865842220202538
-204.89926017423852,697018.4805072418,675423.2362481997,122341.9976353272,91217.08334726287,16995.49441763311,24923.13702875561,915.9872103093544,3530.1315939706874,2700.9885077623526,359.69981717999553,669.4869786357815,1703.0123410899034,3.386915403341825e-05,207381.29843308363,0.0686146861183095
-163.90299353169246,719746.773418687,698240.2722397025,117686.69547760258,82672.17337072139,17306.999709560587,26045.537099040564,868.2699390561335,3700.112390450164,2691.807801955696,229.69307129111144,96.99785317573206,1288.0604631622084,3.414580604728937e-05,211659.05270077815,0.0854641009014942
-119.39656573498694,730247.4386950987,707038.9448820777,122572.20498116464,85511.72432112161,16989.41135845765,27162.429892164404,899.2028360431797,3750.891539721552,2944.145624612224,408.24589157567465,251.88771507364183,1560.2133158409704,2.8506999169089214e-05,272779.18110150954,0.0904827115485538
-138.06670302645017,739986.1698760764,715155.3431607343,124775.67488392658,84941.7981892916,16751.893633739546,27177.920614532675,984.1304962606785,3645.0001178720186,2861.633370041726,419.3821706920156,228.5823160354345,1554.418302288374,2.1295230006921405e-05,241575.59723159968,0.0826148517129649
-194.0827364670713,718011.8895498441,696231.3797128694,119556.554995155,87811.4142995998,16977.929450993517,26015.03628065079,900.930424294822,3579.2766000160063,2724.7162657094973,260.5501731614632,343.44082290585897,1235.333642747584,3.0312599176289053e-05,215970.82088598303,0.0894740232986315
-144.29564326293686,703720.225682342,681278.4875011434,118440.57332338614,87055.82039638648,17048.091137796873,25613.86063305518,954.186750423081,3635.244029835807,2768.1851924237194,223.7765518594873,277.4030678096645,1253.22328032112,3.3817009344076245e-05,229523.30018001425,0.0861991937886771
-165.7173777814802,720279.7603271556,696510.5847048549,119441.5263290048,85808.45303349703,16994.501266391504,25730.762516742598,924.1191334077932,3687.160663364923,2696.361456345392,287.30663735272384,279.50433544700434,1392.918580718239,3.637185642451615e-05,245415.99209132744,0.1043760538179906
-174.21767000547766,747410.5415432933,637459.2703315392,121048.12406319231,83798.80592106465,16428.261870550912,26321.820821877736,4769.643687253625,3331.119553424186,2819.1802264703265,353.16093858958385,166.36673949820133,1489.705785334411,2.408319350577652e-05,216425.87317074908,0.0758124420612346
-216.0815119115718,699269.1781742402,674562.7661836211,117171.82641396504,85615.08664920261,17234.412454796395,25399.76051413991,846.3811087349898,3342.77856289319,2877.862560039154,227.75778290692625,221.03972923068147,1273.7181148812615,3.984515135579264e-05,330348.2624533892,0.180939809648503
-172.29206930365177,701372.6623947868,674703.8446410246,121198.12314563883,92772.68323433674,17218.326622836023,25653.322161930315,1052.250304490109,3762.35160404812,2612.039925624126,368.58362900913886,639.3742447934369,1985.088477025932,2.841103943913073e-05,254711.2849980872,0.1084174702177803
-215.5354486292368,714217.5017032399,692622.3317470148,117360.16449023494,83868.57511751304,17322.83150319265,25536.19031769648,837.5643437065371,3669.383766543964,2729.986774955932,199.48754241232504,160.38412764459724,1274.1357886382475,4.3638274135569616e-05,230184.34537173188,0.098317599362709
-192.459429807554,745421.0896234561,724844.0686141445,118749.87301659449,81995.78509245063,16524.78865716534,26479.09185558175,820.7667308105122,3778.0638337138616,2958.787363211817,267.1498955513467,74.59840754832241,1338.2042016493815,3.7433533782186616e-05,224155.29997972964,0.0767466404461178
-196.32719586715143,699332.9645110123,677241.102667623,119220.44227467314,88670.43115350632,17591.898548672394,26452.62311558353,807.904639916276,3545.00104559608,2583.6580179815733,282.53652240508177,429.829247036492,1741.5246772942223,4.447385881422671e-05,270418.2741191463,0.14043245222887
-205.1468849517778,697611.4331810293,675146.8184308143,123440.74239278516,84796.98635842507,17469.09817965705,25876.319708177245,903.9770102043492,3589.3981476164754,2628.90477925177,387.6788335229272,209.791332841372,1046.2046856799666,2.018010180392618e-05,234413.72099106465,0.0999669935791919
-170.79220065041756,716308.9576563323,691363.0693850823,121562.05796257406,85505.10746085813,17247.68174887919,26070.09666532081,966.5624776539976,3614.264561135624,2755.5582160444683,289.1408858112997,275.53914027960184,1463.4299269449778,3.4359769473334294e-05,256763.64841532413,0.110198139152785
-236.93500693803077,707145.5157450682,684107.6834578004,121110.33110148904,84925.93180749696,17240.827778255778,26054.693083705555,972.2123733318308,3771.299413117732,2993.0299348840467,354.15692780267176,265.03456655999696,1461.036222109593,2.735406907243369e-05,231611.990082624,0.0715250372618657
-163.0611723070864,693273.6427046784,671485.0837045287,117663.54261494908,82889.80177871467,17206.47065412848,24543.35868521209,863.6184064607442,4100.367403026245,2667.8043942677195,219.5038220538613,126.79600524335648,1342.6849355125105,3.518381449098073e-05,187932.20455337712,0.0724713103958388
-152.94167737690327,721603.5917267714,699400.4163931913,117908.73071263384,85229.04094932396,16942.724217851835,27329.62154054013,916.4684284145516,3378.7872384826524,2870.270086592331,217.0758772770314,210.3473842881669,1431.6401599423343,4.8486805231100754e-05,245391.5050884437,0.0865842009761847
-139.4445591094644,744195.7129245666,723915.8864239074,123935.3507075575,85352.9200324195,16627.575486289476,27119.774590356294,803.8234314471483,3542.6393110602435,2911.4911973149,411.0886484841686,215.6381573008585,1401.5606298900932,2.700565862075662e-05,246510.15633699347,0.0810979311950655
-172.31814332903278,685077.6631013518,664416.5978807395,116711.46512094307,85232.3003112216,17968.845829387992,26133.534069823483,825.5513316965782,3670.210733961991,2598.9467339886605,182.78591401804675,242.839827410252,1638.6781147720112,5.094340906079117e-05,226840.7565014823,0.0944676570083678
-203.39072437424997,671792.828290421,647849.7648316155,120319.98248153253,84421.34271411608,17915.41656206195,24955.199243928702,921.1598190429692,3684.0718660053694,2719.15461323343,271.0144904821589,200.39836153939612,1616.093273865257,3.063204792756254e-05,247841.57414626316,0.1057405367570955
-165.2771626158929,739936.6742022269,719665.9256348514,123593.12281541114,83943.59690464188,16800.415003027654,25663.04651389088,842.911892467506,3584.57812328233,2940.4251362907057,419.0549601577838,181.8301008737518,1307.0598469878146,1.63563851956923e-05,210663.19606208912,0.0615233510031109
-203.716057024385,727501.5249923563,705934.6514752797,120126.18043120156,85010.05507503047,16811.469811940733,26656.92645717104,833.6144439738973,3676.791736198855,2764.893287313375,274.29461814225954,242.45018827991169,1274.3377374422987,3.713625205786434e-05,219807.41349156425,0.0778970621521758
-166.21210436988798,680428.4793773184,661345.9665412628,123859.5791442437,84688.64237024737,17537.847822233278,24499.79272721189,819.5307704362974,3656.31080759511,2690.7099157547677,442.18918491698895,238.04591694830927,1456.8997889464674,1.894480828640113e-05,231097.6403130129,0.0880474631813386
-156.78715243146854,741595.388121208,720037.5716051292,116976.4860167294,86029.1516499624,16471.46546908866,26341.330022027083,839.9109887402125,3506.6842319114608,2642.337070653592,182.09217458515556,280.6870896627549,1558.3020814172305,4.762672877445549e-05,204669.25984151516,0.0838726404637838
-202.4114880546079,711743.034952999,689835.0436684235,117199.2703872548,86897.47188389713,17087.250193243475,25518.885527029903,903.6745173383142,3523.7158927822284,2790.232426885608,200.2797354006704,378.360179229209,1481.1957122574352,5.26025397376156e-05,257115.211243604,0.105613430953201
-194.67699091736705,754092.6703513132,731047.8923482326,125556.5884667512,83240.76179999429,16861.450715679963,26712.464837049647,931.2259435944188,3715.4016519596607,2864.2788608742458,471.8399526067679,159.99337641114155,1366.330251021471,1.6253854338337558e-05,211894.38752804225,0.0742091935866229
-197.5774940502785,673853.1081347781,653979.1750209205,125477.98145764206,82808.05791616,17719.59218455853,23826.526772998463,858.4473176724858,3423.6738886562644,2860.6823131265,507.3747615907321,122.00459634381798,1358.432547591294,1.2194327277006023e-05,265476.59635372594,0.0945712932064555
-209.64526922199252,682021.4921553222,656294.7602051407,118688.01977949524,85669.17535824046,17870.712495902495,24418.30858812241,986.3476802781278,3796.844514543134,2495.7997376735466,244.03617131733165,329.0836357527699,1454.3742174603892,4.425389546588091e-05,255343.8215643591,0.1305434132108665
-313.9043592101061,741032.9410552537,719577.2008913045,122293.23071567342,84112.6806233943,16570.434093994594,26385.378494430945,806.0894820939026,3679.997366367805,2674.940099263747,389.9511452632103,210.112528135922,1643.4652296896927,2.0290455186935196e-05,226937.3675656992,0.0935731493230029
-202.4712787355217,727786.7076896629,705198.6222877956,120732.75355926622,83260.78093017028,16800.552834571074,25782.471868108336,878.3737790367113,3426.626013876101,2816.839577919509,312.9486173169782,110.75637233140426,1287.7719787806402,3.0853280418241935e-05,256256.3457463779,0.1018491751551838
-222.8954660163302,729488.4315748307,706717.1457406407,125851.02504365252,85721.00644850144,16934.45664656864,26937.882024827508,887.2195243965814,3531.582451268229,2788.511101325568,442.2823646071388,250.56333242164712,1370.6158047720762,2.378088470059137e-05,248003.09165316707,0.0951453824735491
-195.41128752355937,691082.0820886455,672714.9429116418,120708.93897574466,83253.43992065173,17228.19503842799,24538.099532943288,804.2094678866961,3715.4571333079034,2686.2045102414504,325.71346991313203,179.2855838045116,1387.679116996727,2.9883758272289693e-05,194676.37324068157,0.070987276899943
-209.2919545737468,734425.6150345202,712309.2920558115,116734.15294936713,82496.26984209793,16998.18257212751,26379.25478953541,826.00983932156,3731.3808438877168,2815.676500376068,210.960327355824,117.46228530403684,1520.3800312876729,4.401003981145538e-05,253166.5581149537,0.1057264822764754
-168.12385621008053,723985.4525341418,692475.0070679142,133588.0908203326,103360.41739559034,17049.836498802462,26057.01205233461,1252.1243996349122,3458.417512412481,2450.4386977640843,766.5633051845999,1541.9982840475077,2401.559993039578,1.7733228351986298e-05,238436.71247595103,0.0967185900255575
-216.87865198936717,723462.4548033985,700794.5521798957,119272.6465742833,88216.10475396382,17149.24196743624,26196.91920629935,912.2397279549896,3451.325454156647,2746.7917470416023,280.8641900805251,316.2276508193426,1595.4031755422714,4.192892996320675e-05,253302.3320782722,0.1009193996173692
-231.41713718239967,691113.524543555,663734.32172935,116042.19750512645,83237.22123627536,17656.5917583487,26080.834433111395,1059.898625223456,3765.586633085986,2766.276552565855,172.15796044636713,130.15124058675462,1318.9437188035592,5.088409918612011e-05,274680.579328284,0.1240957670573589
-192.49378599895303,704583.7268594035,684499.9076715796,116283.43725240765,82217.7863569289,17412.573472288106,25575.33047086892,803.6716282737375,3645.255516908239,2762.026753675813,154.19115538685966,86.42313092228576,1126.517627838259,4.540882214069679e-05,253634.62796072796,0.1062363812852917
-157.99930437705376,733909.9077638587,711606.8030114237,118143.17050972852,84753.65352988288,16627.990833089403,26580.681944395164,855.8523971597386,3476.812281930536,2682.688109778758,203.54514026975377,221.77483502176807,1432.161602306712,3.983414153927432e-05,247226.9111736329,0.1073139841008047
-168.9301223549615,713704.5595983068,691415.2746932218,121368.92431761471,84922.04519936323,17207.37462805039,26638.577164125894,874.4867452673203,3567.5680253437035,2739.502186151981,350.064633604761,214.75573961933168,1391.5836003604134,2.0820814132426805e-05,234589.78131071388,0.0936729983359344
-236.77479727597373,735313.8553443506,711407.1644155603,121427.22428576006,86132.04507677515,16759.110325313974,26115.710685057315,923.7356588698552,3738.6914477682185,2767.286819950208,295.67856533759914,287.6643705561782,1875.0748927036864,3.362079878347821e-05,246886.6887360736,0.0934966488623948
-128.60978290215454,733868.5383295959,709672.5863094791,117214.09030139982,86499.22560082104,16735.262818161726,26547.212484052605,870.182002569436,3465.054888155664,2793.782318187664,252.138141675369,329.2131572038998,1513.1686685787754,3.845206967431794e-05,260974.0720408573,0.1001654322426085
-210.0179979794748,690750.34471443,671029.3652234403,119268.56908222602,86241.65337734582,17524.451477302617,25788.236516981997,815.1303063567995,3561.2719560092582,2813.5035741167976,318.0491308230346,246.31123430104824,1253.243674724368,2.422289953364196e-05,230040.1635374928,0.0805756446194948
-167.38624308460345,707351.4507212259,682926.1671707253,118892.70724188349,85311.63012571965,17308.45953583188,26072.964649321755,916.5182041985724,3480.9581882201605,2734.0906857842338,255.4329269110379,215.1765248463457,1303.985175945826,3.013207789079681e-05,251199.9378282811,0.103100666804632
-195.48468196265785,720958.2855058836,696547.2266362052,117681.4796595738,83956.28651736221,16772.410771407904,25322.650652803637,915.0459574667694,3503.8891042100227,2647.4040078144185,177.3687731614863,153.28104380473397,1376.8409683243467,4.719302139899424e-05,259204.94048475465,0.1233341718947033
-166.36847917284211,724973.3459656072,701579.0905719093,120648.21147642848,85726.25736560715,16562.441031119422,26196.201853191516,870.4926210931769,3702.090459780167,2685.1791474085485,324.8599807756452,336.87093481949336,1436.242267217351,3.0080849910172625e-05,252935.7299828766,0.1050147203248606
-179.92893117200603,716876.4277602815,695966.4166264592,121090.33911784989,83766.2893079598,17313.05531160622,26062.68953316768,793.9884602810629,3602.571832216534,2803.0420444916926,330.9407102870169,166.67349714415437,1434.6772938183617,1.8223450251347357e-05,238214.67673753665,0.092035395924373
-134.0513511654749,718935.340876837,696039.819692132,123214.91978702405,89870.09841847893,17090.534566099745,25541.29678499125,901.8253801094364,3425.671981187923,2802.816076386373,370.4215407302693,465.1685046880905,1513.566405579661,2.962952444685684e-05,267080.08428559033,0.1054600365196803
-180.62792974778185,703731.2006195695,679817.4209616397,120478.08200781632,84967.37001776611,17164.388342294526,26077.69054923528,939.3416307829484,3394.811154142124,2758.44757210519,350.31663199198124,235.77864081398653,1290.6937639559312,2.458133570828545e-05,249998.69994420648,0.1048803702588326
-197.55708439966045,709365.0271550681,688668.4031560393,120123.11232003829,86030.38569804149,17355.4766820698,26196.63400245645,828.7352073282824,3476.4885810804544,2625.2466786586774,276.6296842536007,244.1481885634365,1300.4620561550112,3.535013644750492e-05,237744.1103410398,0.1029526384123416
-144.77935151783657,727787.0862307929,706301.9946832022,118876.67044830172,86953.39679156005,17094.95856168957,25689.03846024141,810.5482834078215,3753.225721104255,2744.639861421096,252.53364792654725,358.13167891876753,1543.4628081981052,4.481779889846726e-05,245370.0365313451,0.0960056014186566
-177.8346319385053,697051.9494621719,675032.7085403865,125713.43313669288,84013.80501206151,17153.003056580703,26000.187292590585,898.0492151206284,3678.811542039099,2831.634271843292,530.4277582751147,199.07821056397864,1329.1886436334469,1.723385692774318e-05,214648.70883822427,0.0708548973205869
-122.8903059179561,700794.470059059,674767.2773156187,126926.5034571703,87462.33465288678,17020.624041088242,26338.428235910764,935.895952295822,3666.389791678609,2968.9545737417275,697.0308488575101,355.5928448678074,1505.8686248501433,1.3856550908249308e-05,349965.636902883,0.1492099260961323
-293.49979102901364,693100.7412878966,673550.3319817658,120353.72733167368,85396.58635862259,17601.436903847192,26181.208264981524,837.8782071647544,3568.80295991621,2845.6815686603973,310.9550050668915,225.24879015190956,1369.8826911047283,2.65949124523866e-05,246167.5856525013,0.0891577709842645
-220.5845887109596,690384.7592879769,669363.727976557,116474.99608319536,85269.1099279871,17326.361858051598,25773.616854437605,901.2988381330148,3613.790409047826,2895.3306415979355,182.92585913983277,238.432699688012,1457.4782175444975,4.8630656049607137e-05,216641.44709148348,0.0739948483833042
-222.3832345322609,727786.5377282096,705647.625938023,121433.74450657396,86923.23081968479,17069.455516804086,25800.02336120424,890.2536111334754,3611.76777421916,2843.0689065035344,301.7208290938981,325.5738532303432,1481.2830672882496,3.368449691135404e-05,248815.79070006064,0.0874330730248839
-148.03452422676455,748777.5173364773,724041.1623288223,123225.14263426544,85303.7039512078,16427.88692675336,25409.615627218624,936.5912354838484,3731.562494052052,2899.184116165163,438.29034339267,278.99748937456354,1428.9355820469127,1.636387844546952e-05,266543.6511555512,0.1042828468109291
-196.39664409685557,745614.0423111977,723754.8431026617,122013.8132982172,84253.49571924967,16987.438817108647,27263.57509627014,848.2096066537877,3809.117131978444,2879.041890851808,414.6340225347658,195.88115606308224,1378.8563430638403,2.497181774908411e-05,246175.5058301637,0.0968099379199976
-207.9637654648261,621797.488804668,604103.5367037875,116487.78133491968,83808.31448423925,18650.45252423392,24532.49024202153,753.3422162198132,3486.047262501117,2766.2006770479807,184.98541788830136,165.24500547743412,1229.7244015333602,3.508164536490364e-05,244828.3079999533,0.0880145808253837
-167.0727933172329,693267.5140050664,673589.6402287988,124006.68809396512,84666.67336399878,17354.550084755996,26347.942308242025,819.5833161308743,3534.944141819424,2848.073921682806,410.1319072033012,219.7721145927375,1429.8822046705666,2.406741007538e-05,237300.70416545143,0.0790931211189827
-147.4948104323848,752032.561508297,726289.9784889852,120190.68478860284,85578.29400678894,16438.896068430728,27258.976779066223,949.6811981457628,3734.516704228315,2820.973340899038,341.6450365471921,273.3040853335961,1360.092219966047,3.261981926656364e-05,247699.1411613891,0.0972153007413181
-217.0465986030441,705918.8807183943,685236.8762124266,123841.12734388393,83744.07501411282,17091.82848535254,25309.18114949701,823.3706974992156,3612.6605156033374,2832.9254851878745,517.8730745524175,208.44493517378928,1506.1379807473545,1.315392888087192e-05,223281.9460814496,0.0785840339884445
-188.09893147553876,727518.4931088767,705849.4763361047,119471.4454109218,82595.12492459494,17077.16528993593,26424.5319434842,830.8792996394865,3766.7914002459615,2774.7283129740417,273.12485526565587,97.28557268168214,1346.827707309166,2.746759271380281e-05,246685.7014986941,0.100556449984599
-219.6494684444696,756340.5616912737,732959.5443672035,120966.47508968084,85036.54640121436,16690.0483497499,26973.884363867164,900.5102985220359,3937.414286324688,2946.1788189790286,367.6751488908837,240.30787019030072,1300.322582835047,2.5546927171486643e-05,237322.80413208404,0.0831835927149544
-187.1221863550996,667166.710981335,645849.8751000097,118693.21650389768,85605.15489466993,17632.47337866636,25468.654432586514,947.4556099539442,3472.355920240414,2768.109466660176,255.51402846513383,263.6992683474607,1407.1851439217885,3.845716460523347e-05,217791.74097673155,0.0742463423952317
-182.63661113308217,755289.93750719,734187.8282446237,121722.96410653128,87041.63653667449,16495.262183418,26859.498918639947,856.5687001413331,3459.704813174418,2700.812683732272,288.9685648564545,319.461982131447,1336.0592623398209,3.339674908368232e-05,238260.6042524378,0.0965862271612398
-145.99840781765113,708325.9717950196,684967.6420390661,119185.81214085007,85019.88654279993,17379.049909653586,27212.52443979556,927.4919554142808,3902.799721455091,2802.7422482107386,273.51391996260656,231.6635536912639,1441.7579949461633,3.189573730112747e-05,244787.8358741192,0.0917393207487835
-179.49681102898168,744714.0125736742,723060.6238667043,118370.13730438682,82657.38014372201,16208.695898124552,26503.45025275543,905.7211818349944,3575.4635617536824,3018.1772845983087,245.10404856165047,108.6567207033328,1297.217653367093,3.868910331874151e-05,247592.92740928967,0.0798889409012579
-198.8241461726118,731304.6234087567,707154.4095434397,129581.12661727548,83658.49722458828,17297.527677659233,25597.19498114905,827.7063771590497,3583.038287402517,2967.959835356301,750.6427623098612,144.50844060773275,1644.953993910049,1.0739868969305724e-05,349954.96009706456,0.1702823665482654
-187.8437623609169,744594.7209359605,719025.1502659728,119609.6063374508,84285.44457210401,16764.129412338676,25355.432895464168,928.1608979329268,3825.542030682946,2616.995227376531,302.62911941294874,211.1772234039564,1482.439122057826,2.811025008288474e-05,233878.6650370717,0.1130587222609663
-176.727650678926,721822.9118711961,698809.0861977052,119278.53381658686,85669.2751431935,17157.990685207245,27083.96266430777,913.9504039342668,3631.6936157230434,2585.636452867707,219.5773239082047,321.0566231603273,1637.371925338903,4.877993527750362e-05,232271.57825171415,0.1027354959463955
-160.48530338021894,710770.6055267337,689876.7992219281,120445.3071860717,85019.55725449637,17145.27459126524,25808.9650164648,841.464480055821,3432.82734220334,2879.082985924364,279.25171879629914,207.721553079231,1253.5114932058293,2.806482323701421e-05,238971.76480580468,0.0834790911173849
-150.13932066324708,705407.1889946845,681200.4005792729,124113.4293644379,84047.58770719387,17186.743798481213,26060.93696327407,956.4409656460448,3557.9435300787504,2717.5323509594805,440.9726970025061,199.2874321927605,1573.4227150036586,2.0307310903883e-05,228043.9503982349,0.0860343715272659
-223.60587871948604,754944.6729104696,731324.8107861745,118942.3518962155,82072.94221979723,16726.360586645973,27858.283606383902,920.387176169997,3632.547122731483,2822.006370686718,258.6723042326038,78.34987518162286,1325.951475099936,2.9552517536312577e-05,216124.96376506437,0.0810325322378023
-199.09558952241477,734863.7321032891,712655.0662226098,117682.4418836227,85778.30877264315,16483.93606573144,25956.1754299106,895.687846148154,3549.296016145196,2756.943484401188,211.72859919467027,310.59561148846154,1458.422901815485,3.799453078908373e-05,225502.32770446737,0.089810757499579
-160.02107776954443,727576.8611328907,704418.3813059143,121466.46015966982,83978.90602637033,17008.3975131943,27095.855144519643,897.0936283963115,3536.213224004134,2733.323708222249,343.7291756047612,156.89619953773993,1684.0227824891117,2.9224042315471656e-05,252173.01531377848,0.1046442383166794
