ll0,ll1,D_naive,p_naive,adj0,D_adj0,p_adj0,adj1,D_adj1,p_adj1
-0.6764856443010042,-0.7357540346105385,-0.1185367806190684,1.0,0.0698667987891974,-0.0082817854006316,1.0,0.0725852423532916,-0.008604020949014,1.0
-1.013628376857807,-0.9530775644933394,0.1211016247289351,0.7278427464966032,0.0708834056141772,0.0085840955861969,0.9261813069351084,0.0745032077150436,0.0090224595018091,0.924325448191415
-0.746749442647985,-0.7749387241831074,-0.0563785630702446,1.0,0.0703925181671854,-0.003968629025162,1.0,0.0770752397695954,-0.0043453912665043,1.0
-1.082751684333464,-0.8560938728908765,0.4533156228851753,0.5007646089657285,0.0708680242388657,0.0321255825504831,0.8577523123853964,0.0724802247474813,0.0328564182282619,0.8561608369056808
-0.9240950143352418,-0.8891306294769465,0.0699287697165904,0.791440519485821,0.0685776331530428,0.0047955495164679,0.9447906989731644,0.0730696221154506,0.0051096687781896,0.9430141918327892
-0.919698112017746,-0.8915559197731093,0.0562843844892735,0.8124680446652681,0.0687770236728393,0.0038710724444299,0.9503892736391856,0.0700727747473511,0.0039440029961101,0.9499247324747648
-0.9949779303307544,-1.0537339516785005,-0.1175120426954918,1.0,0.0641532050940926,-0.0075387741760696,1.0,0.0718660840783049,-0.0084451303405675,1.0
-0.8357561758024821,-0.8238325925847589,0.0238471664354462,0.8772744238795129,0.0737357030670107,0.0017583875832736,0.9665520038739456,0.0734531856058699,0.0017516503423569,0.9666161056908592
-1.5195131475009531,-1.5528610116665105,-0.0666957283311142,1.0,0.0711343837053112,-0.0047443595306106,1.0,0.0776030541548358,-0.0051757922175756,1.0
-0.4413730672999092,-0.3865827092608603,0.1095807160780978,0.7406219903418638,0.07223830079089,0.0079159247289307,0.9291045737480972,0.072892987826716,0.0079876658031236,0.928784890597828
-1.0537583316273058,-0.9902159322106032,0.1270847988334051,0.721473977089563,0.0721813340205995,0.0091731503135347,0.9236980305710932,0.0788521955286396,0.0100209154063294,0.9202613450083216
-1.7693575590430388,-1.6832912464270633,0.172132625231951,0.6782233895783167,0.0707879645517858,0.0121849181731251,0.9121037974308012,0.0708365462112001,0.0121932806616982,0.912073763445032
-3.655852903874505,-0.877114919995297,5.557475967758415,0.018401926857074,0.070364686527439,0.3910500543550966,0.5317479644838219,0.0829927368818514,0.4612301407193869,0.497049625813865
-0.9213492372961648,-0.776382903344516,0.2899326679032978,0.5902636814893887,0.067660665621191,0.0196170372956648,0.888611925226463,0.0721607533081117,0.0209217597245325,0.8849923022051279
-0.998324811916912,-0.9023993094309384,0.191851004971947,0.6613804867501134,0.0745316917203946,0.014298979958817,0.9048171769034292,0.0726508412729929,0.0139381369102811,0.9060202066750492
-1.5648571516241403,-1.6592249595204267,-0.1887356157925728,1.0,0.0734758181901795,-0.0138675037919866,1.0,0.0733539548006757,-0.013844503830126,1.0
-1.9982143644954944,-1.1451753381413066,1.7060780527083756,0.1914950148150987,0.0703507503207124,0.1200238711137342,0.7290086008373291,0.0658816933601531,0.1123993111170204,0.7374289157934353
-2.1116561683176114,-1.9518204973446176,0.3196713419459875,0.5718052233606971,0.0717111116841069,0.022923987304497,0.8796549084656502,0.069448908099255,0.0222008256487724,0.881554094631639
-1.3075095310820004,-1.1935339648219268,0.2279511325201473,0.6330472119061419,0.068473163454812,0.0156085351567615,0.9005757035408469,0.0675406580635763,0.0153959694967482,0.9012515407170962
-1.5714850828418134,-1.539924198922402,0.0631217678388229,0.8016282063339906,0.0752764271797682,0.0047515811601773,0.9450439746292242,0.0729754697841167,0.004606340661642,0.9458890981406056
-1.6128715182366984,-1.277330846324974,0.6710813438234489,0.4126748552594693,0.0673509296705585,0.045197952391077,0.8316404530579499,0.0803972292677909,0.053953080656711,0.8163220796402749
-1.045103441384974,-0.9241137440026168,0.2419793947647144,0.6227801326548982,0.0691095992028405,0.0167230989875353,0.8971061702279082,0.0725076730525526,0.0175453628410544,0.8946213216499117
-1.0961246921023038,-1.0866877936926476,0.0188737968193124,0.8907289072612545,0.0752082428620753,0.0014194650949163,0.969946179675011,0.0778607184900165,0.0014695273809862,0.9694210516620656
-1.533698852524453,-1.4443223260048277,0.1787530530392507,0.6724470441648576,0.072795137239008,0.0130123530278839,0.909180954891224,0.0689372040793992,0.0123227356971825,0.9116101470411238
-1.047178540014208,-1.0616786824897773,-0.0290002849511386,1.0,0.0724211916424516,-0.0021002351941321,1.0,0.0729241262637054,-0.0021148204414602,1.0
-1.1610579289644238,-1.213460581276745,-0.1048053046246422,1.0,0.0686404833266196,-0.007193886764629,1.0,0.0729203710485486,-0.007642441701085,1.0
-2.096292590475346,-1.2238888524540108,1.7448074760426704,0.1865308388065777,0.0703736527613422,0.1227884754544208,0.7260296228596523,0.0778015953374666,0.1357488051928583,0.7125443955577824
-0.9846810403304532,-0.96580251112371,0.0377570584134869,0.8459317813254634,0.0687518406505281,0.0025958672634767,0.9593656385274906,0.0686827241838699,0.0025932576290077,0.9593860509379948
-1.498686878980748,-1.2058446296855525,0.5856844985903908,0.444092765127413,0.0745352092457418,0.0436541166544221,0.8344984534056237,0.0725102059860751,0.0424681036356404,0.8367300562581294
-1.577529103338355,-1.4493877270680655,0.2562827525405788,0.6126855330103281,0.0698455416930838,0.0179002076777912,0.8935673240542135,0.0726604885140865,0.0186216299973332,0.8914567797924973
-0.686669584776151,-0.6661022833483444,0.0411346028556132,0.8392783255828572,0.06914111237071,0.0028440921983644,0.9574689530232652,0.0666362408134609,0.0027410553016527,0.9582457591163286
-2.852350823915638,-2.889275027784252,-0.0738484077372279,1.0,0.0756164047073366,-0.0055841510864506,1.0,0.0749918196974631,-0.0055380264779749,1.0
-1.0209652317050475,-1.0172023297656048,0.0075258038788854,0.9308691260706864,0.0711169518552354,0.0005352122321266,0.981542862899554,0.074336042881585,0.0005594384798592,0.9811298332870716
-1.3001087537801466,-1.3156342206605696,-0.031050933760846,1.0,0.0750705017725325,-0.0023310091779323,1.0,0.0797631611317764,-0.0024767206328584,1.0
-1.115726040672238,-1.0207654558556565,0.1899211696331635,0.6629822354346664,0.0703778902107538,0.0133662512251407,0.9079596521114376,0.0731882432140175,0.0138999967546026,0.9061482818869392
-0.8803687383007617,-0.8365447071428436,0.0876480623158362,0.7671887248309134,0.076061729572405,0.0066666632134124,0.9349253284586576,0.0787362342768573,0.0069010783684122,0.9337937096711432
-0.8845521306543371,-0.7297467170266356,0.309610827255403,0.5779190954999696,0.0688400099184866,0.0213136124191328,0.8839278434683032,0.0747413927215131,0.0231407444307286,0.8790916418898911
-2.466061919786301,-1.4829975659329109,1.9661287077067808,0.1608593780599549,0.0784237251220886,0.1541911373278439,0.6945619062753214,0.0756338891911319,0.148705960814198,0.6997750682536527
-1.1041141158612864,-1.1129072194917944,-0.017586207261016,1.0,0.0795287744922864,-0.0013986095114359,1.0,0.0845091363104871,-0.0014861951866056,1.0
-1.6964265211923062,-1.3959407808062831,0.6009714807720461,0.4382076020461563,0.0749993995317622,0.0450725001936174,0.8318707719935869,0.0706880813319696,0.0424815209110086,0.8367046298286772
-1.7424902224911156,-1.395781719841676,0.6934170052988793,0.4050045566770367,0.0684769124866707,0.0474830555886206,0.8275022971738516,0.0847622264316794,0.0587755692147206,0.80844177480794
-1.9908942568733017,-1.7626129231382437,0.4565626674701164,0.4992348118678611,0.0708022291729988,0.0323256546140548,0.8573147915733068,0.0711862197727558,0.0325009703865633,0.8569325558337386
-0.7116428010234443,-0.6337942947980102,0.1556970124508683,0.6931494751343281,0.0696045927605578,0.0108372271456781,0.9170884008865724,0.0733331435281994,0.0114177513609713,0.9149049032096352
-1.496083770541123,-1.5358035134723638,-0.0794394858624816,1.0,0.0706460546103905,-0.0056120862564622,1.0,0.0776168815927143,-0.0061658451679743,1.0
-2.1296235092360805,-1.5892004160616644,1.080846186348832,0.2985083354559719,0.4573331912932203,0.4943068357000181,0.4820123880186798,-1.985285536601385,-2.1457883010491017,1.0
-1.8978654890434647,-1.6130691678315583,0.5695926424238138,0.4504208348381957,0.0748793960548108,0.042650753061959,0.8363842848487905,0.0769641515446261,0.0438382144502104,0.8341549037268414
-1.1169903770873528,-1.117705144538934,-0.0014295349031621,1.0,0.0700819320980899,-0.0001001845680152,1.0,0.0699992303600694,-0.0001000663429942,1.0
-1.0027214570836942,-0.8413849189097158,0.3226730763479568,0.5700056350234589,0.0684491179108451,0.0220866874495964,0.8818567214021102,0.0762951028775273,0.0246183755557756,0.8753217371435664
-0.69704648862621,-0.603637711443581,0.1868175543652579,0.6655786444918261,0.0704142451739307,0.0131546170758694,0.9086880035159542,0.0714446465053725,0.013347114132624,0.9080252721346078
-0.9790812086019854,-1.085878783141338,-0.2135951490787053,1.0,0.0668545032352809,-0.0142797975851226,1.0,0.0748029705198516,-0.0159775516397177,1.0
-7.463031234337803,-1.1706096317906989,12.58484320509421,0.0003888876579855,0.0716540105787445,0.9017544881496612,0.3423117036513742,0.0787327339765899,0.9908391122037776,0.319537374594233
-1.454984217934464,-1.2878647308197344,0.3342389742294593,0.5631736232889292,4.435698584428589,1.4825833448504766,0.2233707710600148,-2.290528612968064,-0.765583934041672,1.0
-0.6281048779005238,-0.5754202699216957,0.1053692159576562,0.7454790982157047,0.0673379472642141,0.0070953467074282,0.932870480763613,0.0665929539625711,0.0070168473473404,0.9332419846709964
-0.513169251672309,-0.4999242017099355,0.0264900999247468,0.8707091395680785,0.0695362327575576,0.0018420217541381,0.9657662775490023,0.0685428637740062,0.0018157073105017,0.966011533282825
-3.8613353941547945,-1.5923446775937078,4.537981433122173,0.0331506620406184,0.0675984902287206,0.3067606935650248,0.5796747892447474,0.0700529695530418,0.3178990751667768,0.5728729676955195
-1.9508191903981824,-1.6705767979782782,0.5604847848398085,0.4540649813294003,0.0724294945256765,0.0405956296552799,0.8403204739364122,0.0765790111756069,0.0429213706020053,0.8358733982226414
-1.3435819649829386,-1.2527909614248038,0.1815820071162694,0.6700171989841133,0.0682155445745319,0.0123867155003728,0.9113819268913772,0.0736920071941208,0.013381142574735,0.9079086234304402
-1.4032393995525243,-1.325843181798798,0.1547924355074532,0.6939969692737326,0.0749961148143804,0.0116088312657145,0.9141985384521728,0.0822470809232394,0.0127312259694868,0.9101631656936078
-1.1258103520064155,-1.1434411744142972,-0.0352616448157632,1.0,0.0696899494218709,-0.0024573822437425,1.0,0.0738948471519767,-0.0026056538539881,1.0
-0.9756871875185006,-0.9484684016546122,0.0544375717277767,0.815514012055718,0.0737805521315805,0.0040164340987778,0.9494676212182542,0.0747938269073514,0.0040715943170638,0.9491222754879712
-0.7777336619913291,-0.7020179117203611,0.151431500541936,0.6971711015573195,0.069515333912317,0.0105268113250158,0.9182802443203651,0.0657187875652701,0.0099518946148055,0.9205355135019488
-0.7811311641166665,-0.6535012470369861,0.2552598341593608,0.6133955771983012,0.0693922352616758,0.0177130504648427,0.8941218994986995,0.0780939933356338,0.0199342597876961,0.8877208425880547
-1.6680553654934782,-1.7413922260279926,-0.1466737210690287,1.0,0.0750507569729695,-0.0110079737942727,1.0,0.0768276800842782,-0.011268601719062,1.0
-1.1552488533417034,-1.0828714881746804,0.1447547303340459,0.7035991859016416,0.0710520518345915,0.0102851206029969,0.9192205663057708,0.0728811102937086,0.0105498854670116,0.9181910451032068
-11.661707967921226,-1.4886309247287492,20.346154086384956,6.46228417111594e-06,0.07068146005597,1.43809587734943,0.2304477175488714,0.0789064914984349,1.6054436344431813,0.2051334712168804
-0.9721947432588984,-1.006876343434613,-0.0693632003514295,1.0,0.0740779993747509,-0.0051382871122639,1.0,0.0743325801466146,-0.0051559456493483,1.0
-1.8558279523267047,-1.8352557470536437,0.0411444105461233,0.8392594276653362,0.0707431029966332,0.0029106832730001,0.9569744039849418,0.0696549809073239,0.0028659131310333,0.957306262987562
-0.929255993222872,-0.7260587623463014,0.406394461753141,0.523805230467343,0.0697317395860288,0.0283385927761744,0.8663152532351366,0.0808905125435855,0.0328734563060861,0.8561239537787739
-1.6422289356219468,-1.4905712817443186,0.3033153077552564,0.581811446838524,0.0698001893222147,0.0211714659056427,0.8843128170446675,0.075419640755205,0.0228759315464558,0.8797801549486267
-1.7115096524251483,-1.6020062452138164,0.2190068144226642,0.639797720116229,0.0736959407338321,0.016139913215998,0.8989063983006323,0.0719432280218781,0.0157560571883548,0.900109411533938
-1.5165447759345296,-1.1810691174753605,0.6709513169183383,0.412720131191855,0.069133676811868,0.0463853315003296,0.8294768766191056,0.0746431020611641,0.0500818876268079,0.8229208444418838
-3.3632453308083776,-2.8819568471546235,0.9625769673075082,0.3265384656268139,0.0697801951794455,0.0671688086539566,0.7955044941400509,0.0790617658435273,0.0761030347956388,0.7826496179654336
-1.2903367167646036,-1.2986452542113605,-0.0166170748935137,1.0,0.066357248213978,-0.0011026633632991,1.0,0.0668408238811646,-0.0011106989763774,1.0
-0.7558534378490405,-0.6397001516429532,0.2323065724121744,0.6298187891322775,0.0807352535538487,0.0187553300259224,0.8910702374027922,0.0799056401703154,0.0185626053843665,0.8916278765169677
-5.072884165820898,-1.6489957170825331,6.847776897476729,0.0088751640405663,0.076020322159867,0.5205702058250757,0.4705985497408783,0.0793107155835063,0.5431020858950825,0.461149957257439
-1.1476738805378384,-0.8316919344366756,0.6319638922023256,0.426635859187122,0.0703475313356994,0.0444570997097336,0.8330054735894,0.0751011333198575,0.0474612045216229,0.8275413682088547
-1.3458910644856976,-1.1648259140501105,0.3621303008711747,0.5473254948103647,0.0721043028250685,0.0261111528761483,0.8716291596514713,0.0772829952641399,0.0279865143272285,0.867140531169821
-1.2714529469477671,-1.4723669429743045,-0.4018279920530738,1.0,0.0684581801036143,-0.027508413050643,1.0,0.0717748058413342,-0.0288411261112225,1.0
-0.7803897403022886,-0.7683613955365796,0.024056689531418,0.876740755230793,0.0731874154020297,0.0017606469299335,0.966530534760046,0.0732217741060904,0.0017614734866098,0.9665226839730306
-3.28674410047436,-2.9432701677807898,0.6869478653871406,0.4072044690240429,0.0722274373413972,0.0496164839040563,0.8237319688949927,0.0719305767957362,0.0494125561858967,0.8240886403351007
-2.0001183202911723,-1.7298768710572754,0.5404828984677938,0.4622326665640038,0.0744953220435934,0.040263447580413,0.8409663640623519,0.0720069499342015,0.0389185250102625,0.8436101616294017
-11.773690059870404,-1.985599136014516,19.576181847711776,9.66668349622335e-06,0.0711619992372504,1.3930802377151423,0.2378856092509863,0.0771289468668167,1.509890289587305,0.2191558279704641
-1.9352948809190968,-1.870711840284548,0.1291660812690973,0.7192982459829464,0.0737504874089157,0.0095260614502955,0.9222486981867706,0.0755619117785739,0.0097600360376396,0.9213027101257828
-1.6281914718973662,-1.6819053971896665,-0.1074278505846004,1.0,0.0724329007511127,-0.0077813108392997,1.0,0.0738608537241643,-0.0079347127579305,1.0
-1.3526836368048791,-1.3329176280854855,0.0395320174387872,0.8423983864728857,0.0728221572293934,0.0028788067895224,0.9572104237509724,0.0782118219490699,0.0030918711092099,0.955656803000974
-0.8053862589917157,-0.6660932432861577,0.2785860314111159,0.5976294828578697,0.0700326118370872,0.0195101074010492,0.8889139463781286,0.0799203488084838,0.0222646928035476,0.8813851037452339
-1.4780171330294318,-1.4156250497757423,0.124784166507379,0.7239025075809962,0.0685758902052491,0.0085571853017635,0.9262967747001004,0.0654348920168237,0.0081652384608197,0.9279997839297116
-1.606737302676604,-1.4769174034972852,0.2596397983586378,0.6103677261591428,0.0693111583178643,0.0179959351696539,0.89328480947277,0.0686128442706528,0.0178146250512449,0.8938205504601965
-4.223479093837247,-1.7312678649119824,4.9844224578505285,0.0255765211506656,0.0712947956093496,0.3553633803631054,0.5510926403799998,0.0738757195053387,0.3682277953922769,0.5439718596909444
-0.8961942198594914,-0.9167403150524296,-0.041092190385876,1.0,0.0734164805188589,-0.0030168439949419,1.0,0.0776713595703019,-0.0031916862949926,1.0
-1.6299930957268929,-1.4436949737633291,0.3725962439271275,0.541592482763003,0.0717360610154149,0.0267285868884708,0.8701335928320271,0.0738319701184276,0.027509514747866,0.8682671857493173
-1.0064640033695316,-1.0048229152035355,0.0032821763319921,0.9543139620341424,0.0692844931366083,0.000227403923547,0.9879684223443675,0.0689785466624845,0.0002263997532708,0.9879950142472016
-0.5176789275399422,-0.3849550132141542,0.2654478286515758,0.6064018848090849,0.0681236806605751,0.018083283111103,0.8930276916102455,0.0755253184423223,0.0200480317887332,0.8874030190612641
-0.436901542869384,-0.4369891369821548,-0.0001751882255416,1.0,0.0673773338907715,-1.1803715566050454e-05,1.0,0.0670899514571492,-1.1753369547452315e-05,1.0
-1.439147077409904,-1.176772787578252,0.5247485796633038,0.4688230721992948,0.0751213422957021,0.0394198176720705,0.8426192703054306,0.0774692022453842,0.0406518538459145,0.8402114248553764
-1.6723286314184125,-1.639696749395064,0.0652637640466964,0.7983618601075114,0.0707397131560803,0.0046167399481494,0.9458281459538952,0.0692371956519916,0.0045186800002865,0.9464056657455512
-1.1473519529164888,-1.1061011093671402,0.0825016870986972,0.7739353983857831,0.0702779224154778,0.0057980471650682,0.9393038116197404,0.0752855472885075,0.0062111846654506,0.9371828993004844
-0.6320546811390351,-0.7289441473748561,-0.1937789324716421,1.0,0.0677882424986935,-0.0131359332655256,1.0,0.068907197036113,-0.013352763081271,1.0
