ll0,ll1,adj0_0,adj0_1,adj0_2,adj1
-11.351636030682814,-0.0421534446273792,8.108335677690809e+20,-768995062.7709054,0.0474206131256177,0.1321796490432982
-11.739407347890111,-0.1550312800842607,-5.359449443235345e+20,-6918548.27490018,0.0500100548238645,0.1351171691305924
-11.311098449350547,-0.0473589656552829,1.321381755663073e+21,-5392723.066318071,0.0559203690190144,0.1329848466952642
-9.96049921700519,-0.0342823174564516,1.7762426864854455e+21,67879027.55261405,0.054950228648105,0.1339283006661359
-19.480618626914765,-0.1375171399184437,1.3708393779729426e+19,36211706.69797248,0.0431676744585783,0.1328855891479207
-9.053269990367202,-0.0940537239387736,8.555977121652672e+19,-10652103.91115108,0.0504669481010849,0.132475109601492
-9.102052295934843,-0.0135955223697175,2.733743010708619e+21,13055623.10295284,0.0511483776265619,0.1337896541890159
-19.015997174757157,-0.2306303209956957,1.5716916017164095e+20,10491266.51600938,0.0460897716035689,0.1349512735906705
-12.026305464596437,-0.036544578181893,-7.684303506196329e+20,91225585.77194802,0.0498864898676414,0.1334568136820923
-17.396707020009437,-0.0263367408264008,7.679924431775479e+20,6929185.196598571,0.0453939982321777,0.1322332932554687
-12.83397752107228,-0.0371403510435181,-4.852581264713343e+21,-26285139.73647225,0.0456730436466533,0.131733116497836
-9.36428131596385,-0.0423733275741578,1.0999241348576206e+21,12067491.647599123,0.0439669654660574,0.1271472530103941
-13.32278230239291,-0.0982992730212331,1.0351354379796944e+21,47702613.242499374,0.0504702009482142,0.1334717217414868
-15.68657755694912,-0.0481398260547828,1.5994853517451e+21,-32713251.349611904,0.0562385066182884,0.1317241830491781
-14.53834876068768,-0.041945670434674,7.611827268305709e+20,-55205862.56716978,0.0517333645952042,0.1345063706322726
-17.13910557171783,-0.0845023341015427,-1.047030730431153e+22,16635536.714837013,0.0450416190952207,0.1335622414863902
-11.313549875578536,-0.0657281999685,-8.138839678383376e+20,-13832462.019245597,0.0539545307802812,0.1361624587621899
-11.497596163566111,-0.0158854118574817,1.829495777023468e+21,-11800785.640507735,0.0491749507527002,0.1342956930701859
-13.853052766518188,-0.0504767726689106,5.029529092529964e+20,-22181319.78713783,0.0546374460226009,0.1335328096304667
-16.964473369811625,-0.0516266110212774,-3.699531470575963e+21,74889027.22754864,0.0512403351882748,0.1361652136322139
-9.441635601513577,-0.1007894320543424,1.9394498953654803e+21,-30922151.36808822,0.0536994281516145,0.1342436325266223
-15.928631223058602,-0.0310356257961323,1.0804792505636264e+21,9145006.50845901,0.0489393374982297,0.1340620060341791
-10.274197680907404,-0.0411122361984094,1.8431025488205909e+21,-15335233.860579273,0.0556841118889304,0.1334875949455275
-9.665640972306884,-0.0987672825805877,5.696034462308769e+20,-11063657.60035845,0.052431809988286,0.1353286508622725
-14.744929286916356,-0.0779467746581356,1.0898655898282404e+22,-64294098.63718818,0.0536261887005986,0.1344692545535289
-13.283353526462315,-0.0602385116583946,2.4905802816618332e+20,-15416225.467395317,0.0473299748901649,0.1343467038260064
-7.789139836534487,-0.0221897617314727,1.5020368509869425e+21,-5897478.24118065,0.0538762885938314,0.1312621952039237
-10.607600791161351,-0.0769275174789747,6.497502865822097e+20,16690893.838220382,0.0520111571915458,0.1323252844283145
-11.342059991505476,-0.0699511658433269,-7.75930432493341e+20,-15931456.179868951,0.0523648229056095,0.1360644194407199
-12.234429846731183,-0.0424411487496363,-6.726279791771639e+21,9075835.52664831,0.0566417553515389,0.129919111760761
-13.326035737900812,-0.0350297345604314,-3.40303883575344e+20,-20552677.37034894,0.0500685824291893,0.1343551227093187
-10.274478033236464,-0.0850617429410583,,-23429266.80723088,0.0549029032530117,0.1353364821291561
-13.067487065944158,-0.02961526865208,-3.905719140630462e+20,56342577.44091676,0.0552052457048233,0.1334367699507336
-9.847230063082897,-0.0916477527845917,-2.004509634462605e+20,-23720991.215125933,0.0516268871334132,0.1339548888602139
-12.505749133947816,-0.0327363292062659,1.0850550836857609e+20,7509869.293726014,0.051255607301066,0.133681647038054
-11.671130241748315,-0.0356836039397351,1.4840352901780144e+21,6959081.460264163,0.0531753377113647,0.1345729285451856
-12.048448728345376,-0.1021069072867379,6.514685569139376e+20,-1289871683.7569091,0.0451368669367016,0.1299282300919537
-16.588502948054586,-0.0548247183353582,4.952470018220302e+21,-18920955.438706264,0.0528291458258365,0.1361111288019688
-13.71844294300477,-0.0624117985450264,4.299601097638096e+20,-3528806.3566783154,0.0551139085540588,0.1364820736768925
-12.837833254832232,-0.0501768987187312,8.051130648203721e+20,12079640.702338208,0.0505336610807387,0.1338837933473193
-9.920189737340326,-0.0285004780042942,-1.004809784396962e+21,-239469101.92736408,0.0511335993538017,0.1336182859621137
-9.907187226688064,-0.0329450669279299,-4.494174703935207e+20,-11538756.109081505,0.0554965064392888,0.13231040989156
-11.757256748926,-0.084343032334953,4.809106252941815e+21,-7491360.590507513,0.0514241993825448,0.1332472599294959
-15.12672904435994,-0.0411590087205804,-9.886758658072332e+20,25550577.312608343,0.0505845840684943,0.133574170375828
-17.064055352433442,-0.1409418104437907,4.148510325071092e+20,-10324349.047148678,0.0515608044414167,0.136095975309694
-14.89817009597781,-0.0985892541472921,-4.072209848893327e+20,6480188.969563667,0.0522356091186336,0.1342393220634692
-10.166928014286457,-0.0328539296008834,,-6393914.475366351,0.0480991802032874,0.1370474582641907
-10.574606857025548,-0.1058304174604183,-3.902500466566439e+20,-17855702.679241776,0.0504887496387057,0.1327711953100182
-12.369147824588271,-0.0976210331974972,1.5752230315484103e+21,-10850048.394546991,0.0559017398869685,0.1283282560070259
-14.507523357352554,-0.0488775643654123,9.933811576699486e+20,6313433.348943954,0.0462755551651725,0.1333957064100783
-13.49720463093376,-0.0481339680329171,-5.153282013080718e+20,-56892130.48401939,0.0502526740017356,0.1350927515268852
-18.619288589608654,-0.148987974527187,-9.020434910323936e+19,41260242.47423672,0.0526946676385648,0.1349526871497105
-14.404853358621072,-0.030867930462033,-7.921674183187471e+21,-21987991.19847856,0.0497718042169477,0.1355622416587731
-9.683321499323794,-0.1016980188126478,-1.0506750067165504e+21,176355200.36071596,0.0504466488302537,0.1327832714743205
-9.53584762040106,-0.0258491262859099,4.287116895686084e+20,33820653.85875816,0.0544881272860492,0.1343924532969092
-19.19410865012667,-0.0434700217668251,5.494634983207045e+20,-4664455.279968752,0.0508162042243151,0.1365784638117274
-9.881207784635226,-0.0666574234288441,2.8566828660155636e+20,-9803559.910935467,0.0549464329901538,0.1327974719189414
-13.340050371062704,-0.0198763464616906,4.1554348848701086e+20,9581229.54761454,0.0514095776508375,0.1352294707330026
-14.050896859507024,-0.0649327320968915,-1.0903631082141674e+21,-6042556.565266419,0.049611865069338,0.1342856609160323
-9.61341879657964,-0.0775524998642511,8.250154875179463e+20,-24164545.465205707,0.0497784021093406,0.1330521618999494
-15.782052883112195,-0.0742469138472064,-6.650915004882446e+20,-32182188.40918184,0.0578374621244544,0.1296068948806285
-9.88459826984343,-0.0369087778044082,1.5036760345426143e+20,18404716.55910324,0.047753787629733,0.1315495763131592
-15.443661932808425,-0.04087247413495,-1.1771500395684228e+21,-10493782.472076124,0.0539515669722013,0.1328916001464845
-13.556539469433815,-0.0606567614469876,2.615547576936514e+21,17086723.790956855,0.0498350526468651,0.134857340354582
-18.010944072376276,-0.1409214430486738,-8.795598926505807e+19,29313987.12548922,0.0460041385928286,0.1356212879538029
-15.642900486374495,-0.0546641100841469,-1.0974728110819294e+20,14137308.85892356,0.0504048922738146,0.1347659371214825
-12.28764897998516,-0.0623377654812052,-2.8186180687467867e+22,153920660.01770517,0.0518387744923869,0.1343215373850135
-11.77485152887656,-0.0791821145612735,-5.465469778495228e+21,31415898.9703442,0.0558933668879998,0.1332323796554939
-10.748620550236089,-0.0342722646173067,-1.496235262220261e+20,568084467.0671479,0.0518933696393298,0.1323606444156172
-10.948284262524744,-0.075109232593312,7.059765835122906e+20,-16259010.36477386,0.0544066751685644,0.1348195606431451
-10.85141186771933,-0.0149835339766881,-6.183421857949205e+20,47787233.831833184,0.0564593989428554,0.1364024854579979
-11.964268238795494,-0.0783671039255572,2.1432496063840804e+21,-8204596.327899848,0.0566234662365342,0.130960414272384
-21.26887180815802,-0.0708635523218616,-3.1737524818151526e+21,-27358530.61948585,0.0474167687764429,0.135028974375037
-10.054408845005028,-0.0394788313735841,1.780309304206716e+21,-8226340.158086918,0.0544249232150533,0.1346042260260749
-15.772299357406556,-0.0691238477830746,7.044586364470973e+20,-16573581.25076138,0.0529486342483632,0.1345698920917745
-8.994690810839687,-0.0336152617719312,-1.7380196454014467e+21,-3865222.617651358,0.0524554711202302,0.1328986320902483
-17.031995563453457,-0.0437889947229776,2.7406361225926263e+21,91395056.31761858,0.05366013808676,0.1367617460927998
-7.399432053107065,-0.0377011166930718,-1.830869018033076e+21,-8109331.253240115,0.0531011573514053,0.1312444155932281
-14.932390095080349,-0.0461075476325472,-1.2682981181078485e+21,520069682.61203015,0.0458057322955687,0.1333028001563598
-15.803348737208832,-0.0825633672711811,2.152062338369133e+20,72833307.45974484,0.0542500207752414,0.1367006897562883
-11.201929118034316,-0.0457547517618637,4.76444211408527e+20,15894653.798505612,0.0577719388715455,0.1326068412504044
-9.501075547163186,-0.0880119314421227,2.6248472350768058e+20,17116637.801444974,0.0501491183970467,0.1336599407608671
-10.570256389294006,-0.0633061429038812,1.173339174880716e+20,-9304271.416376485,0.0499902901878967,0.1338880346156888
-16.782292804007533,-0.1245340189146329,-1.247365867505946e+21,1461323937.285682,0.0516242423927304,0.1303210347890714
-12.08033350420716,-0.0482040918599864,9.551912831540628e+20,-9236336.903789362,0.0550332208904144,0.1354414489663083
-14.037632811297618,-0.1900427828248042,-6.935436653449647e+20,-21441525.40607804,0.0517210619263692,0.1333579212033573
-5.61596663692076,-0.0397205352504459,5.044015572131457e+20,-12782634.590934016,0.0538195864594275,0.133030455826419
-9.860482456525904,-0.0407227095628543,-1.955368302470372e+20,-13963950.678375296,0.047489992332084,0.133915655063423
-13.619653814473008,-0.0517726842576274,6.062437788262909e+20,19476864.92795067,0.0571638490825236,0.132089190384948
-9.878372126903512,-0.1054361556253184,-1.455603163203667e+21,6472120.129432384,0.0538344089335838,0.1348768233347785
-13.699570807052485,-0.047412819197205,3.32666122330977e+20,-183176383.7223053,0.0514412664703216,0.1336426050586142
-14.677628205308888,-0.0336347123352998,1.0167165286210702e+22,-6876151.394818298,0.0510640573567099,0.1352539034600351
-9.90149897976273,-0.1307759802361041,2.0008276258451845e+21,-116337780.2318,0.0543570684727357,0.1331170779499877
