ll,T_DH,T_Dbot,N_anc,N_D,N_Dbot,N_Y
-38.95672218716575,748834.0636559926,587225.5910411222,16508.58530713456,6082.597810114201,3631.665434247269,27628.51965832013
-24.260412942388665,776637.7068872048,68580.00309356277,16356.133968091208,6212.563491643087,63.95057603315576,27268.56348054937
-27.520582776777943,769716.5289170382,69156.36742411811,16230.111748553269,7667.373327022956,61.85669803612733,27692.666073365846
-28.32889707307248,794049.7210891686,68475.42044671731,15904.398186689068,6966.457940240839,54.160553072587874,28682.753078137062
-22.837803829139094,768360.8949584909,70116.25668085563,16412.457673931865,6302.1793119210615,102.6126898228528,27470.420596382923
-27.340194984284278,779675.6269960701,71702.7757171136,16277.343288058057,6798.212922147364,123.98716569306728,28200.459236764687
-31.23261522676421,833759.0293533012,68650.87079024849,15702.93926653104,6836.602426452246,55.77674775486236,28993.397717934527
-33.61186824412064,758864.2890227658,69125.29353003009,16400.6404837555,7164.612957836481,54.89361480474277,28142.032450032293
-27.56273906346104,803548.3933048411,68730.785739983,15756.440040062522,6835.842466691605,55.62193810679195,28252.896786012134
-19.121712549437,849055.5103704782,73073.63657978286,15207.981525433175,6125.200840270088,190.02160443996843,28590.935822058727
-31.941292449610746,796348.5812080629,68956.80276963982,16194.432453554751,7161.367957838157,60.52143585416346,27327.079356238704
-25.253297437567294,761968.8097209824,68260.55290956162,16494.19976322831,8261.252839777748,36.61671393623153,27725.82705546457
-23.43531831413795,782295.3866153276,69528.4825214511,16254.45594265213,7930.75443710458,61.45911796462716,27797.93729114414
-25.43600054433079,823497.0452980719,72276.80159163057,15773.758914870834,5317.704660847774,239.30900106842768,29011.72788757433
-26.78015432720208,759061.0090002982,69952.0100292265,16083.011110698071,7159.639889468489,76.16641982379753,26757.23532958405
-24.01546123943709,769589.7305923734,462785.49425394,16601.63466605251,6203.87414493178,3341.1787213642506,27461.19292889472
-27.340306223684944,812349.2405815562,69000.7243772015,15797.840439222957,8200.366415013157,54.10472350129696,29511.48045554708
-27.2441284207677,750087.7928764388,68840.30032560094,16695.522899820768,6609.473943537973,59.963670930263405,27485.63531451417
-22.973701043411303,795549.5423294423,69043.5582626379,15850.721134773015,7620.335597244619,55.06470391282983,28250.795845020373
-36.095377112478765,733682.4875298039,69635.58971932362,16658.54593672595,7474.639175545662,63.08620841910064,26451.22956559645
-33.25173240708298,801627.5505212442,68771.89796045198,15828.81250113714,7891.357929849432,51.83671372066146,27788.36360300188
-27.34450653592155,782230.2707038402,68975.96485792566,15943.40841023126,5248.753310650885,104.14142920201996,27460.530089794454
-17.666471353843463,782310.4859036991,68586.6966590925,16044.335284194776,8178.498559650283,40.49521572449597,27682.6992301746
-20.858133934567498,791037.830321454,70612.44585549929,15992.219204037763,7005.906507874026,97.1165149087619,28472.050009283503
-31.704478305467184,766162.0973269042,68788.319617044,16664.603594970984,6836.078973362861,60.09555392485967,27071.36125213864
-30.06149023675872,790189.5869321944,67797.3746298085,15926.725221677243,6532.191599956871,50.560598563459,27898.785459915933
-29.43665931235654,784699.5429290679,68825.1286790892,16418.54211692451,6711.329422245553,63.84296807594,29226.232804866624
-30.200489472314,774194.434695169,68181.05814701939,16410.241567145484,8173.782526563767,38.55994638350541,28124.97106802504
-31.05498984222605,781385.3931659473,69217.1054146769,16310.621987992228,7216.162903726246,64.16911348779367,27894.30568567772
-43.50319616024109,721118.7188892639,611033.9479541973,17127.172664472164,4588.521423817988,3810.917952423533,26708.18273658083
-27.333643701054804,729306.7526025205,69151.56431701111,16709.89654988659,7599.278573945503,65.85694341833384,25629.829239732466
-28.619770088385074,764997.6501574022,68955.32791909171,16382.142411181429,8304.012405037665,45.07650491632136,28702.481249445987
-27.272669240881108,773945.0277680798,68120.04315302204,16285.883393495717,8854.28013947694,34.160269810994976,28058.59448375413
-34.435492963787794,757852.2721914205,72142.43837055047,16964.020693657243,5773.291853886164,168.81808021643724,28428.972160055368
-28.49404449724577,751977.7722871002,74021.04695124163,16792.615772742633,5257.829458112863,278.8048442853902,27304.78648394732
-32.79713311967218,783774.648342957,68393.07513407397,16160.919751881009,5470.055185038515,75.64312173855443,26799.482075696385
-33.60808735257871,789287.1691207526,613032.3038167269,15930.896025845192,9580.154469658528,3631.481548042316,28493.438952814475
-22.665055097229303,788068.0508691787,69245.15074093039,15970.706016388893,7210.130361670205,65.40518497257466,27500.740532478943
-21.513817414471568,786398.6291494386,68467.30010229572,15895.017308265496,5282.724293532976,86.6204939098653,27771.9749681457
-28.13827494847694,781767.8769909617,68315.64959880122,16107.065023640907,9999.985876182664,34.1005433449734,27319.3390354068
-31.383194067676065,775985.5988302231,69109.31850987115,16577.21430961006,6251.730418773988,72.4796235255198,27333.484172344444
-31.04361026351522,790768.6934575475,69579.69881525147,15971.420060637143,8446.324542226426,52.66239831303197,26870.94626530832
-28.474142466773586,772510.2914810183,71715.79818905899,16604.459666284238,5536.935846925134,213.7907019971687,26945.84849522518
-31.04932240450574,782957.2240442917,69181.54034695045,16024.795667832675,7851.951295799323,53.215785097568535,27592.739804670007
-26.80950456325564,806862.0118432016,69057.18663259274,15688.630615879616,6817.366012198377,61.10322531819277,27937.60932972392
-37.526790545188405,772791.2097823581,581379.7336955438,16678.966217443533,4766.443819950932,3986.957523729313,27805.902551102798
-31.148994636657108,762775.4531704633,67323.07218425455,16447.43512608112,6276.667961806622,39.2040016946758,27551.294756784428
-23.09863778697181,759726.1847123791,69487.64508140665,16263.119615434074,8310.504859969877,58.56532438366887,26439.981760595776
-24.806850705663585,791573.25567329,68762.23471442357,16286.90174506098,7132.080096730959,57.25629969791374,28220.548124231813
-29.305282293420927,839693.0775467188,69328.98304199161,15373.99255154925,7427.191791123035,63.25194480251948,29383.220005066774
-28.79620763318634,774281.5888980674,71326.4737824019,16536.607036811947,5732.866517714682,133.36704942447983,27930.58336510814
-33.871459264946296,732950.128254071,72635.71094901272,17115.636473543946,5270.2786190233965,234.80448684759904,27283.2386832272
-32.184670402185894,776485.2799544389,68845.12785503699,16362.965307922825,9999.999999989011,40.04504945159364,27568.492398812963
-29.693983514574462,774909.992263061,72944.18392473317,16591.397729379572,5436.500057088807,228.2637905252431,28114.0794268458
-23.034880130155724,763700.9650801969,70227.94480760011,16270.10543115183,5227.928388523105,128.46844649659477,27498.08776141054
-28.783401049338448,781724.5411797451,68626.89758454188,16279.910548497215,8724.409287555729,40.25272493328297,28644.520252125265
-35.72449380690135,780764.0094265719,68567.53916384588,16158.487786671309,9999.97516813098,38.414290711957776,27469.116793324956
-25.134304423044604,811967.1404413136,68096.78032052435,15604.572137075564,5935.592065771185,57.28866569535933,28715.838208363293
-25.345961359432543,764278.4100746689,68632.2965650411,16530.286877151255,9742.354330700628,36.47585467409055,28021.951439054512
-27.10989267524222,822833.8136483022,68700.45078450473,15616.052880034396,6325.318816791001,64.71443535333104,29314.664469917323
-19.27894651652548,778257.1492990132,76515.09616090913,15976.228837824983,4882.442083230761,414.8423057221553,26940.637388414896
-21.10244140020142,760765.2832694903,68884.2157159955,16088.778676715518,5914.959902858344,80.53968425119072,27355.99340329532
-39.27180167928617,766751.176615116,68539.0798060811,16461.118730170547,7958.898829817951,42.06950896945816,28166.13291874645
-24.75046210131409,812056.1590284286,68860.89769194693,15949.807298829555,9119.585485177242,41.72821302046277,28730.99477078998
-23.718701566475502,811856.2299304688,69257.26789903006,15748.386355164344,6740.602635350998,67.14854528503376,27904.523666462075
-20.643767313250308,768825.5263705534,68955.57261238601,16213.278579071895,6699.444225984954,56.749808209510114,27970.316901864448
-43.14930925745787,769524.2049799816,68178.39878042552,16520.660682006775,7978.942852161612,38.59611848754669,27712.300039261125
-31.72952120058256,788290.0743952906,69032.7991317334,16286.302782928346,8480.594186209244,51.45042394503772,27343.47164357328
-28.640004165718253,749301.5206951882,68583.12552193413,16485.294721304497,9155.71121553622,39.226237524791344,27578.705669799863
-23.973968385712443,764112.4620583196,68775.57204062332,16161.431232561454,5778.351230404137,77.7846509300084,28244.308662789143
-35.269620703401934,771637.0330239541,69101.68022634526,16488.17706106803,7264.096406077202,58.70371497051344,28488.031149828537
-40.22364524550314,753342.8036883365,70038.35472188206,16460.73220539426,6218.844417306892,94.80499423089812,27866.435893497088
-34.61399596894392,788470.4253749365,68489.81134869084,16242.394047133525,7702.008351543075,48.23322149344757,27494.00007844574
-31.740339248534585,769605.993562997,76765.70165043148,16185.695706277182,4873.397358271991,401.92094674020746,25935.756414890304
-36.44052599586051,783376.7982824921,68835.14751282753,16545.78020794047,7136.83701728843,58.11051317267111,28402.8148636192
-33.5389413540514,741843.6569377875,69248.86265799112,16899.034695194532,9541.854717044234,46.03482100082984,28244.14503935892
-38.57292278085133,776736.6781272825,67909.00146359841,16208.471018451752,6196.013721655422,52.93498012906442,28970.77228414353
-26.752348847747644,795191.0199062065,680072.2201129963,15854.067770626718,9999.999999983487,3767.09967801919,28777.938488829604
-34.24245411689968,793320.4643675758,68942.222587769,15867.036362841274,6961.929723645755,57.68781755175679,27882.717727138348
-31.81927598161508,776606.9047188829,69866.31386326304,16437.8811072752,7656.543485184593,67.38139623439473,27843.569305442623
-29.832873223723244,792942.6081403419,69037.35950178883,16166.653968935016,7356.676019842593,63.0682185088228,27975.55306127094
-22.7063023086438,748295.881101607,70049.36003481806,16459.086735428908,6964.387946593263,78.05808443964139,28030.779341313133
-28.14780248715398,743680.1315608538,68045.68460832008,16580.12294764865,6349.06652190965,58.41401073472755,27587.460554580142
-21.21007540026668,807361.3933903854,69805.68213200588,15775.873022052208,9196.710286525858,52.28196116587746,28264.27546815772
-39.00476485973847,736687.217225676,67917.6913421219,17057.308903016576,6090.940548337616,60.36945595278512,28278.67482868078
-21.721957590634503,747425.383451847,69044.71166637988,16231.504747828658,5341.224547556129,96.83152742426884,26628.60957653183
-26.40093851733532,776960.241963695,68710.17582482401,16313.149894030705,6816.1131441276375,67.10617197726074,26385.06279181545
-39.19179511662871,796130.8588113654,67546.37058220248,16436.392206834815,5797.945698639009,46.88269586214228,27376.36657085545
-34.46793717818945,798648.2191873036,68681.89920307002,16056.599915923947,9458.309378187723,41.16253127810908,26847.598645780672
-33.0305308903888,755829.4990325789,68737.32357939811,16732.13504154119,9096.985786019935,42.56008587553442,28070.73082950695
-30.498697781433087,764250.6256064657,68996.17898190825,16281.284299801098,7332.774372191991,55.619356250198415,27989.91118661873
-16.972023991866422,800470.2458756225,69333.06522514355,15844.85910584611,9749.069031644016,47.48124430642623,28663.240957405647
-36.39500526610533,742063.2593865148,69827.03977126657,16742.876572111323,7318.538095854274,68.23571600202243,27041.52618276877
-28.761328030500817,811867.5933855674,69208.11604878787,15688.348440082504,6903.04434677081,62.58090211902597,28524.48102482645
-34.229522605849965,777000.7512754748,68959.18843928783,16171.234383114976,6375.3750510127,67.82622057080792,28262.513206827676
-20.205682108618934,820108.136580331,69201.90973183878,15289.39448954375,7091.506782543905,62.93455874823119,28522.34788764906
-31.61097993684063,782736.3943458231,68795.04000707412,16446.313265069453,8172.636752547937,44.674064258823606,28931.76750296209
-28.98691156853437,770590.3695939718,69105.68869877578,16065.41843274231,6610.919211670031,63.83258088053797,27042.68952982671
-29.65949322571696,787306.8602622689,69163.72354441274,16201.31684285768,7163.3530289572045,59.372045062221225,28895.79031464415
-28.953775270033944,782354.7583830275,69175.06861772366,16370.31885527934,6037.2194361298325,89.3524818768016,28167.53617873567
