data_set,model,rep,ll
Bherer,model_0,0,-586.5730105432377
Bherer,model_0,1,-608.8485451789156
Bherer,model_0,2,-548.2059374919011
Bherer,model_0,3,-602.7506611571474
Bherer,model_0,4,-680.3450810157192
Bherer,model_0,5,-711.3488800319599
Bherer,model_0,6,-813.5102583692385
Bherer,model_0,7,-827.3177525639462
Bherer,model_0,8,-550.8984572842019
Bherer,model_0,9,-650.3274339678562
Bherer,model_0,10,-861.7822497384282
Bherer,model_0,11,-762.8811879820387
Bherer,model_0,12,-521.6498282146146
Bherer,model_0,13,-740.1809112098201
Bherer,model_0,14,-716.0743227684636
Bherer,model_0,15,-824.8945758421642
Bherer,model_0,16,-665.0508528763423
Bherer,model_0,17,-765.187876700989
Bherer,model_0,18,-646.9531987434436
Bherer,model_0,19,-929.4463619225664
Bherer,model_0,20,-698.3799716071145
Bherer,model_0,21,-621.2000272309256
Bherer,model_0,22,-881.0789238284542
Bherer,model_0,23,-806.7967505908179
Bherer,model_0,24,-746.1367212524765
Bherer,model_0,25,-594.7488303383548
Bherer,model_0,26,-868.4938320809244
Bherer,model_0,27,-708.1627985695573
Bherer,model_0,28,-654.8542398729358
Bherer,model_0,29,-598.1976343537787
Bherer,model_0,30,-499.9961592599982
Bherer,model_0,31,-782.6158308924541
Bherer,model_0,32,-919.0262039474381
Bherer,model_0,33,-820.7253238873159
Bherer,model_0,34,-804.4645415916495
Bherer,model_0,35,-842.5668992220947
Bherer,model_0,36,-722.6592843168576
Bherer,model_0,37,-540.8061569081656
Bherer,model_0,38,-665.986556438301
Bherer,model_0,39,-720.6009669156763
Bherer,model_0,40,-748.3348000264045
Bherer,model_0,41,-644.84941729099
Bherer,model_0,42,-789.4963856641507
Bherer,model_0,43,-696.9856996962601
Bherer,model_0,44,-569.1132062929371
Bherer,model_0,45,-555.2362266690798
Bherer,model_0,46,-568.2878756525547
Bherer,model_0,47,-684.8116900472696
Bherer,model_0,48,-692.7626579464777
Bherer,model_0,49,-526.5804753813683
Bherer,model_0,50,-608.7380485387741
Bherer,model_0,51,-694.4402729961053
Bherer,model_0,52,-732.2272413770866
Bherer,model_0,53,-671.3558123845667
Bherer,model_0,54,-576.7159941767441
Bherer,model_0,55,-631.9343928339322
Bherer,model_0,56,-613.6501666667294
Bherer,model_0,57,-770.5742053364345
Bherer,model_0,58,-716.6947704884399
Bherer,model_0,59,-865.7370172294935
Bherer,model_0,60,-716.3556731741569
Bherer,model_0,61,-493.987685424873
Bherer,model_0,62,-712.4326152152116
Bherer,model_0,63,-650.3622804957666
Bherer,model_0,64,-530.8203545559413
Bherer,model_0,65,-811.8836802265673
Bherer,model_0,66,-640.9433360462256
Bherer,model_0,67,-518.5457268338942
Bherer,model_0,68,-640.264312273898
Bherer,model_0,69,-594.4463453724454
Bherer,model_0,70,-675.0889831722366
Bherer,model_0,71,-772.3754307262942
Bherer,model_0,72,-514.5643786718254
Bherer,model_0,73,-624.4094412341944
Bherer,model_0,74,-652.4613381025049
Bherer,model_0,75,-759.7782446340957
Bherer,model_0,76,-737.1745079376524
Bherer,model_0,77,-592.659833785481
Bherer,model_0,78,-657.1666853901875
Bherer,model_0,79,-586.3197118604514
Bherer,model_0,80,-600.7892451559443
Bherer,model_0,81,-637.4522183083278
Bherer,model_0,82,-783.505061400771
Bherer,model_0,83,-645.488674141089
Bherer,model_0,84,-612.6602363392028
Bherer,model_0,85,-680.7404814067804
Bherer,model_0,86,-572.9054601230192
Bherer,model_0,87,-609.4603108544375
Bherer,model_0,88,-648.1111001765468
Bherer,model_0,89,-641.6035311689393
Bherer,model_0,90,-791.8510774096603
Bherer,model_0,91,-715.5591804627593
Bherer,model_0,92,-468.79294640187817
Bherer,model_0,93,-849.468162924839
Bherer,model_0,94,-667.1005031167908
Bherer,model_0,95,-783.1539679691866
Bherer,model_0,96,-653.3549451750596
Bherer,model_0,97,-745.9976724635321
Bherer,model_0,98,-602.306351203337
Bherer,model_0,99,-540.4520005641816
Bherer,model_1,0,-395.16442389271367
Bherer,model_1,1,-415.755317078057
Bherer,model_1,2,-438.22641341159664
Bherer,model_1,3,-370.74148737949895
Bherer,model_1,4,-497.05141597025164
Bherer,model_1,5,-494.04257404501476
Bherer,model_1,6,-557.8130135438271
Bherer,model_1,7,-566.5370148546215
Bherer,model_1,8,-403.82132000835884
Bherer,model_1,9,-387.4792381660878
Bherer,model_1,10,-557.2093950548406
Bherer,model_1,11,-413.76563069565634
Bherer,model_1,12,-307.83338772388635
Bherer,model_1,13,-403.70616723604974
Bherer,model_1,14,-459.6775170897472
Bherer,model_1,15,-594.7772555583733
Bherer,model_1,16,-477.6870362578103
Bherer,model_1,17,-558.4458214943444
Bherer,model_1,18,-476.4808549734935
Bherer,model_1,19,-529.0663806116881
Bherer,model_1,20,-475.28506379500675
Bherer,model_1,21,-373.72747860264616
Bherer,model_1,22,-599.5156246443187
Bherer,model_1,23,-559.7146156770916
Bherer,model_1,24,-468.63215795879864
Bherer,model_1,25,-409.2228450976991
Bherer,model_1,26,-652.1117881020612
Bherer,model_1,27,-405.9754663618345
Bherer,model_1,28,-443.29625564609665
Bherer,model_1,29,-469.8061846349049
Bherer,model_1,30,-367.91980125707187
Bherer,model_1,31,-527.9084477109354
Bherer,model_1,32,-647.254521418701
Bherer,model_1,33,-671.9909211199542
Bherer,model_1,34,-520.5510800128939
Bherer,model_1,35,-460.55180686204756
Bherer,model_1,36,-513.7751941300551
Bherer,model_1,37,-391.65777983629357
Bherer,model_1,38,-459.95252186995566
Bherer,model_1,39,-601.9712300507366
Bherer,model_1,40,-509.07229659646157
Bherer,model_1,41,-459.2304548079154
Bherer,model_1,42,-553.602844690703
Bherer,model_1,43,-438.91412950877486
Bherer,model_1,44,-405.5816843185174
Bherer,model_1,45,-382.2009768723772
Bherer,model_1,46,-359.34185265185874
Bherer,model_1,47,-506.7955367984274
Bherer,model_1,48,-526.0348730663421
Bherer,model_1,49,-358.9512156942723
Bherer,model_1,50,-345.3633327546213
Bherer,model_1,51,-487.8230932881619
Bherer,model_1,52,-462.27477219745333
Bherer,model_1,53,-434.9308187578117
Bherer,model_1,54,-380.1324305578081
Bherer,model_1,55,-407.27115817618386
Bherer,model_1,56,-389.3368051886534
Bherer,model_1,57,-544.0904494014741
Bherer,model_1,58,-485.0280892454215
Bherer,model_1,59,-602.6842814370533
Bherer,model_1,60,-466.0563654376957
Bherer,model_1,61,-320.38167687684006
Bherer,model_1,62,-478.1064547550228
Bherer,model_1,63,-468.131898882128
Bherer,model_1,64,-442.28842728619776
Bherer,model_1,65,-516.5827800612852
Bherer,model_1,66,-442.79534294204825
Bherer,model_1,67,-404.1678267250246
Bherer,model_1,68,-480.25800086867235
Bherer,model_1,69,-374.0037021616042
Bherer,model_1,70,-480.0417735678867
Bherer,model_1,71,-555.2145152821524
Bherer,model_1,72,-338.2508232388068
Bherer,model_1,73,-397.42293642467945
Bherer,model_1,74,-444.47078129366696
Bherer,model_1,75,-535.2598842128227
Bherer,model_1,76,-528.0350388772829
Bherer,model_1,77,-361.25669996846955
Bherer,model_1,78,-406.3527172625346
Bherer,model_1,79,-451.239001474707
Bherer,model_1,80,-430.3877992958617
Bherer,model_1,81,-424.48214487677126
Bherer,model_1,82,-599.3106659756993
Bherer,model_1,83,-375.87457508642467
Bherer,model_1,84,-417.88478721589604
Bherer,model_1,85,-495.94689434441835
Bherer,model_1,86,-377.9380038022416
Bherer,model_1,87,-409.4052662451004
Bherer,model_1,88,-463.2420676042221
Bherer,model_1,89,-405.0364294679253
Bherer,model_1,90,-502.0389605461031
Bherer,model_1,91,-477.27210703685887
Bherer,model_1,92,-383.3170265627982
Bherer,model_1,93,-562.7282091065067
Bherer,model_1,94,-431.8838065565506
Bherer,model_1,95,-506.5200165227319
Bherer,model_1,96,-387.7373980153693
Bherer,model_1,97,-524.5694628689714
Bherer,model_1,98,-403.85119340330493
Bherer,model_1,99,-378.17306650949405
Bherer,model_2,0,-293.0464835501507
Bherer,model_2,1,-361.34124591841476
Bherer,model_2,2,-380.8525206524389
Bherer,model_2,3,-298.17862321874406
Bherer,model_2,4,-428.8169629131264
Bherer,model_2,5,-378.44190461205847
Bherer,model_2,6,-387.9887627581212
Bherer,model_2,7,-440.07980855504104
Bherer,model_2,8,-335.11681974914603
Bherer,model_2,9,-281.7184187774841
Bherer,model_2,10,-406.6453228762869
Bherer,model_2,11,-338.05850280734046
Bherer,model_2,12,-252.5848888381184
Bherer,model_2,13,-338.63179672241887
Bherer,model_2,14,-389.69864623584584
Bherer,model_2,15,-447.3142327734182
Bherer,model_2,16,-359.3169947670243
Bherer,model_2,17,-398.8890072586687
Bherer,model_2,18,-314.2770629161646
Bherer,model_2,19,-458.0227459054094
Bherer,model_2,20,-410.34376021887635
Bherer,model_2,21,-311.07835224107464
Bherer,model_2,22,-430.1175859365763
Bherer,model_2,23,-371.1951814998665
Bherer,model_2,24,-369.4727564260636
Bherer,model_2,25,-347.53107642464414
Bherer,model_2,26,-522.4229343291315
Bherer,model_2,27,-365.2503723468295
Bherer,model_2,28,-363.91323403389856
Bherer,model_2,29,-391.584614740287
Bherer,model_2,30,-298.46979763370837
Bherer,model_2,31,-409.41167912763524
Bherer,model_2,32,-547.6348075958845
Bherer,model_2,33,-611.9542897075219
Bherer,model_2,34,-353.94860939869204
Bherer,model_2,35,-350.51789634088715
Bherer,model_2,36,-415.09000350619056
Bherer,model_2,37,-321.34421596164515
Bherer,model_2,38,-403.74354283522234
Bherer,model_2,39,-521.2350664539842
Bherer,model_2,40,-386.4781255648264
Bherer,model_2,41,-350.35956485566305
Bherer,model_2,42,-471.1188691329024
Bherer,model_2,43,-333.6688896817403
Bherer,model_2,44,-316.5049251839679
Bherer,model_2,45,-312.78453356949433
Bherer,model_2,46,-288.49475934146636
Bherer,model_2,47,-397.63126699745294
Bherer,model_2,48,-430.64514245773057
Bherer,model_2,49,-282.8399927036492
Bherer,model_2,50,-294.7712718856732
Bherer,model_2,51,-345.6687924633782
Bherer,model_2,52,-370.7708187941245
Bherer,model_2,53,-363.68434056593634
Bherer,model_2,54,-299.85186199771505
Bherer,model_2,55,-350.1104058294187
Bherer,model_2,56,-296.4617270970829
Bherer,model_2,57,-333.86708423187326
Bherer,model_2,58,-370.3625215918829
Bherer,model_2,59,-431.86436576648606
Bherer,model_2,60,-344.6734162802321
Bherer,model_2,61,-238.47963036104602
Bherer,model_2,62,-381.63438775023747
Bherer,model_2,63,-402.23001977270576
Bherer,model_2,64,-311.32078374017095
Bherer,model_2,65,-434.73564210870524
Bherer,model_2,66,-374.54553919934176
Bherer,model_2,67,-308.23989097046865
Bherer,model_2,68,-333.3797536380656
Bherer,model_2,69,-338.68819833489147
Bherer,model_2,70,-360.63264671828597
Bherer,model_2,71,-445.40497929666003
Bherer,model_2,72,-236.3911849550002
Bherer,model_2,73,-322.0717389982278
Bherer,model_2,74,-363.84234443587957
Bherer,model_2,75,-348.28578095791835
Bherer,model_2,76,-393.64916650902586
Bherer,model_2,77,-237.65134750180317
Bherer,model_2,78,-351.8083062135902
Bherer,model_2,79,-370.8456787284275
Bherer,model_2,80,-368.4606631479162
Bherer,model_2,81,-360.33046242016087
Bherer,model_2,82,-499.018839839307
Bherer,model_2,83,-333.7530378595643
Bherer,model_2,84,-285.52877505906076
Bherer,model_2,85,-428.9030550526362
Bherer,model_2,86,-298.92588920628015
Bherer,model_2,87,-300.5936559261186
Bherer,model_2,88,-417.4650736145751
Bherer,model_2,89,-338.14609611433144
Bherer,model_2,90,-403.0549404206846
Bherer,model_2,91,-405.9333825027768
Bherer,model_2,92,-297.15297858278245
Bherer,model_2,93,-369.1466999951085
Bherer,model_2,94,-338.80937491917126
Bherer,model_2,95,-400.1141415319675
Bherer,model_2,96,-324.55303477897974
Bherer,model_2,97,-404.54032296862437
Bherer,model_2,98,-329.81887706808806
Bherer,model_2,99,-245.1944309984693
ZhouJHS,model_0,0,-721.4356333364141
ZhouJHS,model_0,1,-906.4627725745004
ZhouJHS,model_0,2,-669.8509126955732
ZhouJHS,model_0,3,-680.5933897917723
ZhouJHS,model_0,4,-712.1464883004516
ZhouJHS,model_0,5,-645.7787796104041
ZhouJHS,model_0,6,-797.2810543325254
ZhouJHS,model_0,7,-686.0768641078157
ZhouJHS,model_0,8,-580.3468603435886
ZhouJHS,model_0,9,-793.5255130795738
ZhouJHS,model_0,10,-933.3922242309006
ZhouJHS,model_0,11,-729.3321647286703
ZhouJHS,model_0,12,-797.3684367453709
ZhouJHS,model_0,13,-602.1398409068797
ZhouJHS,model_0,14,-525.2607630853013
ZhouJHS,model_0,15,-699.7450276856782
ZhouJHS,model_0,16,-628.2864064747766
ZhouJHS,model_0,17,-701.4006404937518
ZhouJHS,model_0,18,-613.7741644103769
ZhouJHS,model_0,19,-659.9844671830078
ZhouJHS,model_0,20,-939.7521218176332
ZhouJHS,model_0,21,-532.819677487235
ZhouJHS,model_0,22,-941.2408332546441
ZhouJHS,model_0,23,-755.2929504444967
ZhouJHS,model_0,24,-829.5751970602796
ZhouJHS,model_0,25,-551.9017952109184
ZhouJHS,model_0,26,-822.540385442054
ZhouJHS,model_0,27,-830.466356859975
ZhouJHS,model_0,28,-819.8536747752921
ZhouJHS,model_0,29,-535.9070108528358
ZhouJHS,model_0,30,-627.6266886987072
ZhouJHS,model_0,31,-578.5319126546732
ZhouJHS,model_0,32,-680.4730890044536
ZhouJHS,model_0,33,-702.8947212457592
ZhouJHS,model_0,34,-718.364898262339
ZhouJHS,model_0,35,-606.6169914216948
ZhouJHS,model_0,36,-582.5811374401418
ZhouJHS,model_0,37,-603.1384525385012
ZhouJHS,model_0,38,-752.6551243414979
ZhouJHS,model_0,39,-766.4831488653923
ZhouJHS,model_0,40,-579.7965308578864
ZhouJHS,model_0,41,-749.4188938491899
ZhouJHS,model_0,42,-930.2406719767114
ZhouJHS,model_0,43,-629.2779391651311
ZhouJHS,model_0,44,-799.4163879819695
ZhouJHS,model_0,45,-808.9408332344335
ZhouJHS,model_0,46,-841.1981220851985
ZhouJHS,model_0,47,-731.5131218120512
ZhouJHS,model_0,48,-757.0130935571362
ZhouJHS,model_0,49,-782.8449389065905
ZhouJHS,model_0,50,-796.3432565796066
ZhouJHS,model_0,51,-938.9362083574808
ZhouJHS,model_0,52,-664.4149366541607
ZhouJHS,model_0,53,-770.2783713460115
ZhouJHS,model_0,54,-756.5035110652627
ZhouJHS,model_0,55,-763.5461440594538
ZhouJHS,model_0,56,-589.4936842768792
ZhouJHS,model_0,57,-718.498303667463
ZhouJHS,model_0,58,-587.1166973544409
ZhouJHS,model_0,59,-704.5928357437913
ZhouJHS,model_0,60,-828.0083975134615
ZhouJHS,model_0,61,-577.9126960360592
ZhouJHS,model_0,62,-538.3787634620118
ZhouJHS,model_0,63,-747.2573333020284
ZhouJHS,model_0,64,-843.225388756457
ZhouJHS,model_0,65,-587.1176735876606
ZhouJHS,model_0,66,-854.3906903450968
ZhouJHS,model_0,67,-822.8292276923221
ZhouJHS,model_0,68,-672.9779977914482
ZhouJHS,model_0,69,-847.6036746004181
ZhouJHS,model_0,70,-668.1638400225739
ZhouJHS,model_0,71,-502.15448358147034
ZhouJHS,model_0,72,-687.3371803444331
ZhouJHS,model_0,73,-791.8448663206291
ZhouJHS,model_0,74,-666.568903620245
ZhouJHS,model_0,75,-779.152818593512
ZhouJHS,model_0,76,-680.9715870559799
ZhouJHS,model_0,77,-624.4924692231384
ZhouJHS,model_0,78,-620.4363602373967
ZhouJHS,model_0,79,-732.5989842522933
ZhouJHS,model_0,80,-612.9754811192128
ZhouJHS,model_0,81,-578.7997722100794
ZhouJHS,model_0,82,-574.715074907459
ZhouJHS,model_0,83,-723.9647266976358
ZhouJHS,model_0,84,-675.340321548949
ZhouJHS,model_0,85,-501.86182774049576
ZhouJHS,model_0,86,-817.3999675265679
ZhouJHS,model_0,87,-986.7730267028571
ZhouJHS,model_0,88,-988.5165897778425
ZhouJHS,model_0,89,-934.7332824223404
ZhouJHS,model_0,90,-677.8519153235937
ZhouJHS,model_0,91,-891.3532288378509
ZhouJHS,model_0,92,-844.750136399998
ZhouJHS,model_0,93,-750.4096367975503
ZhouJHS,model_0,94,-719.3247429967535
ZhouJHS,model_0,95,-820.1624420262307
ZhouJHS,model_0,96,-802.670423120178
ZhouJHS,model_0,97,-702.4048675783644
ZhouJHS,model_0,98,-800.1898337005359
ZhouJHS,model_0,99,-949.6022871499968
ZhouJHS,model_1,0,-539.4148438513635
ZhouJHS,model_1,1,-444.53161326171397
ZhouJHS,model_1,2,-449.8120327451262
ZhouJHS,model_1,3,-511.2050082186246
ZhouJHS,model_1,4,-473.1250529954655
ZhouJHS,model_1,5,-450.9619027403237
ZhouJHS,model_1,6,-595.6937220483228
ZhouJHS,model_1,7,-430.8787119655793
ZhouJHS,model_1,8,-495.60366352132274
ZhouJHS,model_1,9,-573.0569461073087
ZhouJHS,model_1,10,-617.0722245875339
ZhouJHS,model_1,11,-563.014560565513
ZhouJHS,model_1,12,-505.8807779808051
ZhouJHS,model_1,13,-379.5451755357627
ZhouJHS,model_1,14,-420.08837865826445
ZhouJHS,model_1,15,-491.1991384966419
ZhouJHS,model_1,16,-450.30902755422443
ZhouJHS,model_1,17,-530.5975993717963
ZhouJHS,model_1,18,-390.22924803752517
ZhouJHS,model_1,19,-475.1916502228397
ZhouJHS,model_1,20,-667.585145682971
ZhouJHS,model_1,21,-378.01280423527317
ZhouJHS,model_1,22,-460.9109550307079
ZhouJHS,model_1,23,-488.1960235040789
ZhouJHS,model_1,24,-551.5272004326018
ZhouJHS,model_1,25,-384.20892790063846
ZhouJHS,model_1,26,-426.85959977181125
ZhouJHS,model_1,27,-583.4478777592611
ZhouJHS,model_1,28,-551.2536343369059
ZhouJHS,model_1,29,-414.8709709308587
ZhouJHS,model_1,30,-469.3390233478358
ZhouJHS,model_1,31,-413.5325661095773
ZhouJHS,model_1,32,-516.7704493305628
ZhouJHS,model_1,33,-481.58468107164003
ZhouJHS,model_1,34,-453.06101866126414
ZhouJHS,model_1,35,-485.1261604218604
ZhouJHS,model_1,36,-420.0741872226707
ZhouJHS,model_1,37,-394.19621755339404
ZhouJHS,model_1,38,-556.3639691906915
ZhouJHS,model_1,39,-509.57296013028935
ZhouJHS,model_1,40,-409.9943145649769
ZhouJHS,model_1,41,-543.720742731597
ZhouJHS,model_1,42,-542.5764185225447
ZhouJHS,model_1,43,-392.7532197633493
ZhouJHS,model_1,44,-552.801049799567
ZhouJHS,model_1,45,-575.4810237800241
ZhouJHS,model_1,46,-626.0287176462077
ZhouJHS,model_1,47,-588.0074760098702
ZhouJHS,model_1,48,-469.47826608765456
ZhouJHS,model_1,49,-569.0088223257872
ZhouJHS,model_1,50,-551.0058338945976
ZhouJHS,model_1,51,-627.9991922476352
ZhouJHS,model_1,52,-400.1743122020742
ZhouJHS,model_1,53,-513.8023599684363
ZhouJHS,model_1,54,-490.41292377966425
ZhouJHS,model_1,55,-532.8097859490304
ZhouJHS,model_1,56,-368.44210789158313
ZhouJHS,model_1,57,-472.0986242424033
ZhouJHS,model_1,58,-408.1066202045356
ZhouJHS,model_1,59,-441.4589618505747
ZhouJHS,model_1,60,-487.6041472414415
ZhouJHS,model_1,61,-331.23898540680204
ZhouJHS,model_1,62,-440.82757512755614
ZhouJHS,model_1,63,-514.2004324492964
ZhouJHS,model_1,64,-590.8026589406833
ZhouJHS,model_1,65,-334.76384179281854
ZhouJHS,model_1,66,-595.0229225509181
ZhouJHS,model_1,67,-584.7943547215858
ZhouJHS,model_1,68,-507.5148459208352
ZhouJHS,model_1,69,-545.1073976960888
ZhouJHS,model_1,70,-488.5072666867238
ZhouJHS,model_1,71,-371.02910040827146
ZhouJHS,model_1,72,-488.43897931570285
ZhouJHS,model_1,73,-520.3407393321424
ZhouJHS,model_1,74,-408.307301357793
ZhouJHS,model_1,75,-605.3449045836305
ZhouJHS,model_1,76,-532.3125362942287
ZhouJHS,model_1,77,-400.1863555610866
ZhouJHS,model_1,78,-435.3997828027907
ZhouJHS,model_1,79,-466.21693887667465
ZhouJHS,model_1,80,-414.9138931111566
ZhouJHS,model_1,81,-445.9968801281492
ZhouJHS,model_1,82,-402.8330418692825
ZhouJHS,model_1,83,-497.506692606439
ZhouJHS,model_1,84,-467.4855370904717
ZhouJHS,model_1,85,-348.9669652348284
ZhouJHS,model_1,86,-496.45008771211883
ZhouJHS,model_1,87,-501.41697633444727
ZhouJHS,model_1,88,-600.0528369782439
ZhouJHS,model_1,89,-699.2015093547941
ZhouJHS,model_1,90,-424.9631177029409
ZhouJHS,model_1,91,-643.4748909708436
ZhouJHS,model_1,92,-621.4875941886537
ZhouJHS,model_1,93,-563.1740012865696
ZhouJHS,model_1,94,-530.6841504398774
ZhouJHS,model_1,95,-583.7719642722906
ZhouJHS,model_1,96,-611.1237292345736
ZhouJHS,model_1,97,-482.2773355711781
ZhouJHS,model_1,98,-550.6396607665208
ZhouJHS,model_1,99,-628.9081553068524
ZhouJHS,model_2,0,-387.5814350583712
ZhouJHS,model_2,1,-336.86790259765536
ZhouJHS,model_2,2,-394.9572521459881
ZhouJHS,model_2,3,-453.2551098887462
ZhouJHS,model_2,4,-356.226926685041
ZhouJHS,model_2,5,-334.6982487007184
ZhouJHS,model_2,6,-470.1192091190429
ZhouJHS,model_2,7,-369.5539088630722
ZhouJHS,model_2,8,-320.5258196340019
ZhouJHS,model_2,9,-523.7678797253471
ZhouJHS,model_2,10,-445.57349174475695
ZhouJHS,model_2,11,-508.93791715161666
ZhouJHS,model_2,12,-392.7831748791792
ZhouJHS,model_2,13,-335.1830601315515
ZhouJHS,model_2,14,-310.59525430779235
ZhouJHS,model_2,15,-391.8885833685531
ZhouJHS,model_2,16,-311.19381893181605
ZhouJHS,model_2,17,-402.20461776691053
ZhouJHS,model_2,18,-292.1724826635119
ZhouJHS,model_2,19,-349.67180895456204
ZhouJHS,model_2,20,-496.2455891345099
ZhouJHS,model_2,21,-294.0109921169701
ZhouJHS,model_2,22,-347.14454754837425
ZhouJHS,model_2,23,-396.88676954788775
ZhouJHS,model_2,24,-489.7122865011696
ZhouJHS,model_2,25,-315.2194893285223
ZhouJHS,model_2,26,-327.79852016023017
ZhouJHS,model_2,27,-493.7265013603311
ZhouJHS,model_2,28,-358.9953555469657
ZhouJHS,model_2,29,-370.28094023493225
ZhouJHS,model_2,30,-385.9944329859323
ZhouJHS,model_2,31,-267.00723384998673
ZhouJHS,model_2,32,-381.4189925819849
ZhouJHS,model_2,33,-363.7969044216504
ZhouJHS,model_2,34,-357.8275336692565
ZhouJHS,model_2,35,-402.61451362022007
ZhouJHS,model_2,36,-349.64638488201507
ZhouJHS,model_2,37,-324.1572184189412
ZhouJHS,model_2,38,-435.5593309577388
ZhouJHS,model_2,39,-375.4939069885211
ZhouJHS,model_2,40,-335.3295072200898
ZhouJHS,model_2,41,-475.87438325556326
ZhouJHS,model_2,42,-443.47995381338035
ZhouJHS,model_2,43,-374.2545589441892
ZhouJHS,model_2,44,-480.3008172370786
ZhouJHS,model_2,45,-474.8738438296299
ZhouJHS,model_2,46,-410.5491357129058
ZhouJHS,model_2,47,-485.57521973776045
ZhouJHS,model_2,48,-407.1955899805596
ZhouJHS,model_2,49,-393.02902906717827
ZhouJHS,model_2,50,-438.0772905526494
ZhouJHS,model_2,51,-504.36516276857446
ZhouJHS,model_2,52,-302.32821079724255
ZhouJHS,model_2,53,-433.3575320263224
ZhouJHS,model_2,54,-397.69923987587504
ZhouJHS,model_2,55,-474.3710779569961
ZhouJHS,model_2,56,-279.3380086419362
ZhouJHS,model_2,57,-390.1260123129933
ZhouJHS,model_2,58,-371.8188852061667
ZhouJHS,model_2,59,-367.61666809614826
ZhouJHS,model_2,60,-366.6299081978573
ZhouJHS,model_2,61,-258.6771637173176
ZhouJHS,model_2,62,-364.2052532630305
ZhouJHS,model_2,63,-441.06795841120265
ZhouJHS,model_2,64,-379.9625259989008
ZhouJHS,model_2,65,-253.1081769739145
ZhouJHS,model_2,66,-465.7340715684825
ZhouJHS,model_2,67,-424.4433704744373
ZhouJHS,model_2,68,-445.0811999157435
ZhouJHS,model_2,69,-455.9841686353731
ZhouJHS,model_2,70,-449.4778295217958
ZhouJHS,model_2,71,-251.60079599493167
ZhouJHS,model_2,72,-416.79615280360224
ZhouJHS,model_2,73,-427.57020248967643
ZhouJHS,model_2,74,-313.31148420711895
ZhouJHS,model_2,75,-517.0613984598912
ZhouJHS,model_2,76,-410.583488122341
ZhouJHS,model_2,77,-295.7179503194237
ZhouJHS,model_2,78,-404.01615170076207
ZhouJHS,model_2,79,-390.94926867722177
ZhouJHS,model_2,80,-347.907611759007
ZhouJHS,model_2,81,-360.5108285823354
ZhouJHS,model_2,82,-345.24640669776187
ZhouJHS,model_2,83,-390.16104519070586
ZhouJHS,model_2,84,-370.00849305772334
ZhouJHS,model_2,85,-262.83860157270004
ZhouJHS,model_2,86,-418.89620541023515
ZhouJHS,model_2,87,-431.5560497438922
ZhouJHS,model_2,88,-514.53424681356
ZhouJHS,model_2,89,-420.14107085567815
ZhouJHS,model_2,90,-296.42747866604617
ZhouJHS,model_2,91,-477.14020094695127
ZhouJHS,model_2,92,-419.4324751288299
ZhouJHS,model_2,93,-448.1360975808438
ZhouJHS,model_2,94,-386.3540852802611
ZhouJHS,model_2,95,-500.5574252360149
ZhouJHS,model_2,96,-536.5145446859034
ZhouJHS,model_2,97,-417.2287834572223
ZhouJHS,model_2,98,-436.47159497857365
ZhouJHS,model_2,99,-466.22878711766595
