T_NDH,T_ND,T_AWN,T_CV,N_Anc,N_Yor,N_ND,N_Den,N_N,N_Alt,N_Cha,N_Vin,m_AD,T_H_N,p_H_N,p_H_WN
777653.8420530998,724142.449285586,121757.79186787998,59266.453518418304,16000.322394620494,27408.08987741528,2470.951706517126,3278.299635598437,2745.9484717864384,325.63675448164173,149.84170200801253,738.760377066794,3.841815323284776e-06,333590.77927104646,0.10852833052021726,0.014139874374477038
774083.0821812238,737802.0646254156,119597.16508216776,59893.121965610044,16194.025778724592,27318.79751739782,1603.931740141586,3387.503700805341,3062.451702170774,202.63003920695826,171.01397175434485,883.0042763530313,2.5447197585284413e-06,324428.6382037018,0.10250381372721193,0.009983081047884096
763648.832989083,723337.3426956307,120691.75565185913,59654.242737591594,16052.19593324132,27363.996759706373,2715.8054117075326,3088.6749046213217,2888.221961299971,292.9688240983609,223.64759645958583,726.722102220593,5.8366050492780396e-06,422332.1517139062,0.12105501350862295,0.010541325490449598
760014.2835911762,726322.228950417,121531.58831840822,61945.868139005186,16532.85243849081,27927.32131388703,1636.389222357317,3377.8629782398934,3097.991513383214,383.4322334424722,274.5766123405979,827.9451863530678,4.8210781423638455e-06,467113.78533104376,0.19999999999800863,0.011768003942501288
765770.144671801,746999.1403036332,121101.8399898397,60837.04184838725,16425.794254342807,26988.71209283773,1023.5339270512798,3416.7317711620162,2774.9641404625977,299.27577761482695,285.60076635191166,842.0962151367427,4.411760670723205e-06,313312.8867434304,0.0997347586910732,0.011385097297891179
761264.193060478,732200.3405999584,129371.44885262253,63125.835267856906,16392.201263083563,27948.205805004,1164.5985093474396,3558.5708359063124,3015.2833701561703,897.480531339823,367.90261448647806,953.7489401050071,3.0198775134283502e-06,455698.73568732047,0.17535925361731394,0.01534587706692684
760280.7254773626,721496.5635907534,129496.4938702432,64360.35221123486,16687.872770799775,27160.203177773292,1687.7996018139995,3260.7989641981644,2803.4690412642008,1313.709380672619,478.49233789760643,944.448201708936,3.820285856647224e-06,432852.0305024615,0.16927044869301677,0.018394223320896692
773054.5512257264,673050.5038273215,124544.63216770711,61005.19257428177,16142.673971854076,26996.084090050008,4201.055399557186,3469.088739649134,2955.616404474446,550.5102148599574,242.07884673297346,745.2651990583167,3.695617957615489e-06,471366.4586100724,0.19999999999851364,0.015234845948340224
728799.1768414048,719621.0604604058,138943.46345686572,65380.04596845696,17068.555727439296,26935.32982891507,347.8914634095877,3577.7813659356416,3132.746491337241,1835.88205454881,514.6256327265381,1143.984848502599,1.1679555626551031e-06,368691.0964309379,0.10413974683915223,0.012315768386377917
745087.1033812851,716385.5301112531,118848.27701612205,58580.17647227408,16493.22618653368,25861.285891429332,1142.50559906254,3598.225068910516,2657.47806550543,205.0671281525655,145.81737528794778,673.2815354517268,1.944295714191618e-06,264201.1925215508,0.09989731009258655,0.014276762116573607
779365.660502495,754126.463875565,125402.54254043625,59531.67409998594,16050.576559659272,26906.65533440755,993.1869152576214,3727.0130942537585,2714.4527626041445,655.4315535316193,221.15549960237087,792.6794054897772,2.874218203582615e-06,359082.4553264054,0.1392290634628694,0.017480152932721607
777431.9733260146,733748.1681013,120992.30726253847,60780.97125249407,16110.406529304246,26919.05884301683,2127.434005776053,3141.133502461697,2868.755064606831,318.61536521914303,219.5200991500752,774.7300272813379,5.094380216800049e-06,422126.63254278514,0.19999999999808196,0.011895595050979764
760253.6981438306,743665.7783876291,121864.51484439935,61793.01059931353,16063.30049331497,27349.858197148726,679.8675694676382,3798.331589457147,2913.844194177458,416.45955073191345,328.0673405160625,830.7462041424451,2.4253519098475734e-06,337448.1741402048,0.11864780613950984,0.010509733823814326
762054.5891426706,724562.7898310882,122360.1014451561,59638.95411956176,16337.07287809655,26185.328228057177,1455.4950634611464,3475.021551079536,2986.430357910795,414.83548460109483,188.72855065733137,773.9243719604868,3.375380139137081e-06,413329.7638661511,0.18490621113013953,0.011097161977094377
769549.2572030043,735337.1920206099,121286.13541018423,60360.75696341451,16204.815703010143,27371.179957397446,1362.7051034356552,3581.3716258385925,2755.1347475592415,273.0357008166402,218.30179023881163,876.9464641616971,3.124530429711735e-06,296879.4899041766,0.11192287010941791,0.011807316266447983
783536.9437882849,751102.0474092963,135784.49531847396,59917.88043667851,15991.05672044317,27723.94479467401,1014.350124695769,4150.254550496067,3283.8828217635514,1822.663094424514,187.75668291314656,771.2175617239317,3.298283898930763e-07,443612.12613966,0.14568987036973885,0.018377991806325242
770221.806397617,733102.9739846257,129007.80303943847,59061.767474384425,16271.062212727955,27596.5993963467,1656.3431029618077,3361.049029544769,2990.080640125914,881.5750999413165,163.56157801677236,854.9938726116997,4.746957734465212e-06,472597.3921196724,0.17572248637030413,0.015042389897223845
766725.5128087449,734181.553423144,124127.66188095472,59962.037512302406,16492.591161509365,28058.20867204007,1522.1446713095145,3277.0879336020885,2676.1969606411103,399.5675875137175,199.25635307960263,884.3060566165747,4.116688424856665e-06,328670.0642523297,0.10949089704119373,0.017817413649204975
761079.4009876809,716637.1735211092,130849.58247945643,60371.22931202287,16448.642236299445,28048.989466629093,1861.0667740515307,3333.132199043443,2966.0208147081994,967.5046568271541,225.7088280926275,768.555722293563,4.157930203606203e-06,499999.9999967632,0.18966885286537624,0.017828796547188223
793851.0428012385,732151.5718836609,122033.69944265431,59278.76153800983,16340.1853810759,28135.62715916881,2449.580839959252,3640.0718796202295,2945.903077162276,428.5136004086173,193.12699109238577,728.0160212466062,4.277953505656666e-06,421278.3998977256,0.1999999999998572,0.011300373055591692
763768.949725896,727279.7868134729,119539.68556534399,60143.442134142715,16045.874760924056,28265.25833003841,1553.0851235722962,3514.6440825038912,2718.1209920277493,232.88142824553933,217.2270714104678,793.7049547180832,2.5513407757016243e-06,281594.0602754704,0.10256920542865913,0.011856643598909722
776940.7442900214,730651.4300000117,119217.7982663307,61696.06287344759,16096.512884701093,28369.22392343561,2206.453752688805,3268.3364407583326,2908.957790560373,195.48905823220792,317.4090371967602,893.4236876045298,4.68997352134034e-06,406305.75250880787,0.1648279490697351,0.011019760405945891
735970.1712854092,692845.434221599,117890.81867988646,60126.393598406474,16647.259097019818,26177.074412332513,2038.2007710922667,3288.391908528579,2709.794219171119,168.90152408380945,247.201226225147,807.2905972616268,5.055421550451176e-06,441812.0807710335,0.19999999999937962,0.018109917517242977
797689.115546883,709986.7909739513,128365.00287920913,62296.368129841,15915.27489087384,29088.331435492175,3484.5527246195493,3564.156931051683,2881.3118119969026,872.3303775146428,339.38695967304955,927.1629681508366,2.726186427702376e-06,404943.723372257,0.14781074112140466,0.01935392661395534
764217.9823059975,724626.4377812727,122254.403348481,58830.13845221494,16680.046059414108,27199.461525042287,1653.7675998693326,3354.5348711240986,3073.4390189682827,312.31278311516434,135.55876109245693,722.0019171056057,3.828044805255447e-06,466855.238315243,0.19999999999866291,0.013443080386373098
763995.2396504455,741066.5682197094,120177.18620212184,61423.80566265031,16358.723159528026,27801.483877543804,1380.8012266913709,3254.461134130634,2836.1918351787344,221.95603734634193,285.8535267525923,903.6264768214437,5.418275523445903e-06,352573.2118708965,0.12033725158339234,0.011081875887773767
760264.6145352143,740137.4813091519,120614.48630829337,60317.53101677111,16297.351008928174,27599.329535953115,928.1516242530157,3465.9701589175393,2682.533017205395,343.491547791122,212.55970032801358,720.5743054367605,3.369584675650359e-06,290469.13400027226,0.09916208975511132,0.016242492058428724
777847.0380566373,731622.2001906687,121772.52136716318,58683.833389627966,16392.688625885075,27571.548327720047,1817.1673842800785,3621.6224987009236,2855.8855207758775,383.8747574846381,150.37380562427933,765.2858595254814,2.6384171785716438e-06,320079.6281113155,0.12819139884310118,0.008641983706787582
784731.4705613906,753732.6721639311,118836.27682658432,59762.7352337572,16092.67874686869,27130.16581848547,1639.1329338354562,3437.365005851756,2817.1292690794435,205.95431740684046,203.91453206061811,850.3602450256143,4.610171954442584e-06,305195.0777366932,0.10222714366059751,0.012003575850993497
764283.2804016501,749656.2993872599,118585.16384838629,60115.01637957756,16401.8047735931,27880.059328291125,881.6257498921581,3351.8073501750528,2752.3123839991913,152.147382389742,202.64530060972658,879.8868367107224,5.261687736987637e-06,290090.62660524406,0.07775607685837566,0.012133802257867251
778031.7056610989,738270.3845491013,119690.09606272794,59570.14493068011,15863.185255155817,26632.33889591429,2378.97871574394,3159.0948312517467,2896.4891369444435,164.84839528507402,189.9283097775207,684.8447468072363,4.692600872308109e-06,367852.49484139273,0.09918244399859898,0.01121639251572298
778027.1562107385,731639.1833629739,118413.72087699505,58919.72903693913,16034.404916848114,28221.239437338434,2179.1665175430157,3180.0285818244934,2794.652886422488,194.27766495511986,135.50191251224302,698.6483359479475,4.756066714026151e-06,395228.8130388514,0.1577580440376164,0.015020575678943323
790468.6330379546,749439.6459413588,116777.03615756216,58368.500501418595,15959.911737594259,27666.115493646652,2110.8158890538894,3263.1597059488154,2725.883632573118,83.06550970040433,133.2127601366022,807.9006529136565,4.649492544612095e-06,325927.6470040806,0.125453943781395,0.013516446596763713
754769.956674144,722108.2074482815,118425.83253765276,59645.24929823771,16342.819633665316,27315.44002040444,1684.18083183312,3297.560145745534,2933.397931778478,153.14364138313283,168.5485872945403,772.7580077768246,4.035747653504203e-06,320645.0776478474,0.09392608448489444,0.01073439416592735
783232.7704632989,742280.4620295005,119096.669245954,62124.57040034611,15540.615654698353,27269.116327484717,1936.1328606080576,3257.3390593476292,2552.262840581507,228.8842052464769,294.26160885644885,925.9718727171822,4.390338851779204e-06,327518.2120703688,0.1305577261585102,0.018684573908099845
754179.2839706435,730581.4959764647,118645.02322014357,59229.393642167626,16692.706534428406,26252.930424393253,1238.4164113127192,3114.466707122112,2703.5618232310926,194.20291041366997,204.60685708478732,802.7662385277134,6.093834596403265e-06,404348.8919708695,0.19999999999971266,0.01437546526811685
756701.3015909486,725055.8571384024,129388.93293374605,62160.8904845786,16479.47147794285,28053.809845471755,1182.3737006762722,3703.935099026666,3030.048493024726,919.7893860581933,334.27943593625866,824.8327503992383,2.2219172405754667e-06,418890.2847179798,0.1488062723988096,0.01430427726113687
746410.9098900635,736279.8749112042,125432.30213085681,59029.57421980866,16823.070417195275,27598.021859973902,441.5391032260899,3783.615248241509,2992.976030235269,734.3137976834803,164.54270365613294,836.9949042742586,3.193899729933029e-06,311231.6999700843,0.08734830950343254,0.011573588160858225
766415.684208576,733730.7523680993,119857.51654406366,59109.11930860798,16340.380292623098,27584.202892642257,1377.5836710465067,3599.4518609357356,2805.8265565963216,198.38445232956218,189.68140862136278,806.0849033706725,3.153953779526769e-06,277628.8664276745,0.09239731350127578,0.010649655796923783
798287.5852542819,777528.1926103785,121487.36145608926,60904.919552837324,16123.97484566636,28676.379097905716,1145.6541020966615,3423.9786614711816,2973.773366303221,430.43565825316995,262.66483106309545,843.0177543077791,4.157875676593659e-06,313616.692548859,0.07574606943421819,0.01179135020114892
780644.6815550629,737539.525699674,127841.89459978073,63515.91319390209,16148.283464365579,27423.875068143592,1674.1158582361463,3757.8627144886423,2887.566778791206,929.9135612769547,417.68540032528284,868.3913515489012,2.1629296644407135e-06,348626.6544537565,0.11765900447946305,0.01532524228197987
760446.1926838314,730220.850070034,119295.71878539873,62196.61478787541,16261.1020568506,27187.22977070413,1533.1373907220386,3385.45098203772,2672.163522295591,297.00777383568783,343.7501345695806,1054.1741513417678,4.287274925239472e-06,298937.9466206682,0.09576839329738035,0.014530650159384595
772191.774113738,731298.717048259,117901.7512191977,60095.30854081999,16272.558390350901,28480.61753735556,1875.4224554407356,3476.903323748347,2807.2098474743484,122.0490251663397,203.79803962201896,603.934059251659,4.158708002517123e-06,353128.948886877,0.1328396851741557,0.012518874752458404
801665.6827071008,768333.5796727883,128497.50083158199,61306.10388153257,15642.98582854509,28219.763169020654,1299.5234611319006,3516.8094887171947,2939.313723026065,695.2146969334685,240.3888463431054,837.1252522768523,3.5568659407645903e-06,408319.3699042358,0.15509600788042138,0.01442634632825772
772500.754251073,739868.5182136599,122003.59340116994,60236.88185355291,16275.248857320561,27819.855545481656,1776.022116109224,3217.3135934838947,2816.2697548759547,317.28356742120536,185.9719762645668,768.1884873242077,4.705012292807457e-06,316691.5266159078,0.09600019634697513,0.013085653189933386
788659.9133203606,765629.6436440826,128396.55357567318,63395.09341232953,16011.138991191834,27917.230859212494,1105.9173371696195,3447.5288044941813,3004.725665365549,683.1577855053627,371.5282604662154,1110.5280292110256,4.925807996776437e-06,499999.9999943696,0.18125664385191972,0.011569095524712338
757907.0748783872,731153.4924880775,122157.26229584539,59187.73193207797,16421.26076989233,26034.892102755402,1455.0631979005784,3001.0843689626286,2905.1030128743087,366.1090857372421,179.96406254242874,688.467128227889,5.1895748432823006e-06,435385.3909473607,0.1660544809193646,0.011247763173850803
783373.615427202,744514.5275519763,122433.53345183552,58997.38601163645,16380.740781113556,28519.03330664386,1772.1600629862055,3487.6967674078364,2911.2838063073864,412.7181294340562,140.85994433020113,684.6807803549533,3.621876207342427e-06,350482.0395883915,0.10679683364853415,0.014090497166546305
779846.6056672801,699222.9658688353,132215.94638507286,59080.27689565322,16051.61418012033,27995.980842823257,2713.970965468419,4088.303594381797,3166.9346622585517,1665.7037413683026,159.41605751969377,812.4074361379661,2.998802798091687e-07,354845.77851548814,0.09678740178146476,0.014070405471898006
754599.6962687287,725689.5064624533,133418.47181696413,62336.61386988617,16609.53177458033,27895.2293559337,1078.1180019652263,3531.2307819994535,3193.325275924822,1215.2460395373553,318.38580146938824,826.5360198993139,2.3283927543481413e-06,473209.1804127882,0.16402235273464558,0.012242290796877225
781014.780793402,739550.3165626784,117880.51390709176,60643.23898683165,16742.4895939828,28272.554812675804,2420.0459771653714,3180.0798241507073,2678.670481368097,108.14319605689424,235.072539034978,948.689581891984,5.5912244834655385e-06,307185.39063582313,0.1188793827755202,0.009628187547685274
769334.2545726605,744259.1243717733,118042.37419056648,59137.17323080502,16150.401540262654,27543.91069725147,1298.126983639073,3071.682310265035,2841.5251280451275,153.02079175309612,156.4484802289888,680.7279398791584,4.629487787711499e-06,374156.83573801944,0.1280499433390172,0.016444565491590686
771331.2390298856,733146.288556361,119302.5561293465,58605.8318329345,16066.78853171942,27247.68272843567,1689.7794356573438,3530.8317307939965,2893.3688352232944,310.07021743989657,145.9300276109095,808.7135019480969,3.667793030700532e-06,396450.4912589683,0.16095540734094807,0.013043087328558257
768487.3774792458,742764.5273210583,121536.69773607186,60962.12180776481,16285.087909406004,27626.6817840451,1175.6822010809499,3546.020427249861,2795.7055295957025,414.0230700264626,259.4050345320929,795.8635397307476,4.0194888390199765e-06,344572.58168067137,0.12703408747988873,0.011826124941488408
772462.5066538608,733967.1766367556,125167.15115184135,57865.65843036419,16205.672225963433,27201.30024721349,1735.8027452498895,3416.1806762445153,2857.5266123569495,602.4975939672248,100.240668394345,623.2011662271669,3.728098945114192e-06,328957.63659678696,0.1079174829050103,0.012466808034068074
764394.6288753976,741986.4503748439,121539.67792657037,61307.56734349851,16305.094576650008,27379.49996560958,1057.5163273850778,3430.339413655084,2810.044541775749,325.95029389244735,273.94351676640963,920.7147689908575,3.954174891592478e-06,321664.9252368241,0.11679565476032659,0.01049009167800305
777939.6784089548,733986.9713525026,123922.78493614239,60880.73302187942,16130.225678390874,26620.11813732151,1783.6907390196552,3742.359707170308,2897.6122170883373,511.02268335997576,256.4089725157203,798.9608358659237,3.171664416829131e-06,342288.9265978583,0.11545540842874327,0.01303168399297848
788951.960644058,722031.1149564055,129849.60287975882,61078.33323094356,16062.20143713263,28143.465103105522,2909.7298389771668,3501.0335005874663,2751.9879786106503,1317.1577896544852,236.487303051929,928.7750685707935,3.3349109641946363e-06,358150.8971054017,0.12143904678115128,0.02036537748477315
751952.9723457071,730314.9247264345,122209.44305293862,59809.09009912753,16399.408593154778,26904.52743589718,1065.2766254484256,3206.9937609430226,2849.837437785442,428.03526108233166,187.92299891798257,789.3827112076054,5.443338724661276e-06,461577.4749163118,0.19999999999764986,0.01480184101529755
760740.7566477315,741811.8676828207,125372.30119605215,59045.38892628953,16416.306203677046,25996.746772568436,832.1441729950666,3438.4664897950515,2824.7967630121075,611.1252455000264,172.60786954082866,1035.2987212579062,3.6656856017168775e-06,386443.4261565355,0.1425079809992114,0.017880240535189412
761550.6795502296,734909.9351063697,126107.9238872796,62870.12232867812,16456.946098744764,26278.775805329722,1093.4996441013557,3483.3066765316435,2802.8564453753347,681.6474996955852,445.60328995233664,998.4965933586359,3.1205145294850336e-06,350579.72853235493,0.12645611163168138,0.014805496215686076
762901.4006403763,740576.0923217838,129385.76659457364,60824.36243519271,16083.10612769416,27417.087658189565,919.9793338564184,3535.6268764048655,2932.786711859188,807.8710206329879,283.52957374883067,832.2107660597584,2.7643311051873307e-06,353495.74433335726,0.10800791521449703,0.01321395086162695
752552.2892883173,732957.0765245315,124018.20766643468,58472.302431945594,16574.83506829384,27110.492195829545,776.394818786814,3880.450704159377,3028.8447505703666,598.1805096890038,126.38526373192927,644.6137132684419,1.7284889706615722e-06,341146.0940756736,0.11802180693917619,0.014026777456544891
752496.6823316191,733129.7234034176,125039.65754438893,59397.123854499376,16573.972392632248,26249.5316709888,806.3426743016414,3588.5425447331945,3042.0781054797117,587.8854147029876,161.11065574926428,683.6593467102208,2.407037039990975e-06,320189.9772413589,0.09576242127773214,0.011226821773585556
776189.4311643353,741305.3165011489,121093.01114623647,58219.42892338488,15805.762313375279,27533.276518392133,2166.9592828485747,3294.19282824515,2845.2536623111178,312.1762922908396,125.71801768967916,743.2563081859016,5.517108728383378e-06,388447.44903740176,0.08647408523097358,0.01585841517467434
770418.4697350858,741770.7681450887,120125.24801309648,58626.50094324934,16457.547514613692,27692.898121238853,1204.7289033030306,3758.4540145537694,2818.5005952641172,249.68290220066092,136.32957321155587,930.9360240459789,2.2746396684874485e-06,293768.1722001305,0.11492504754706637,0.012648412547034017
764686.3694246212,745505.7872686,119406.91079228895,59296.89540571433,16296.600019225665,27787.923592449617,994.1567606785333,3414.1421224016376,2816.8825411928265,268.2749853446223,210.44984685345506,842.7037070842314,4.319438058216659e-06,318618.17641957145,0.10641284439630126,0.011705916926538508
791082.253316376,749948.4626948131,121367.69516101557,61289.83197121233,16229.06844761301,28467.99934640683,2195.2539822095514,3307.899861632428,2915.1388904000514,286.4841198610158,234.10079469738932,1061.4245746809163,3.8756728986725956e-06,284093.0901984314,0.06835803572258475,0.013153571823817014
761200.2558245024,732926.328726707,120441.04189479652,57053.03209243663,16236.513385025208,27640.174092896872,1291.9527398017697,3278.001846231015,2783.1686542692096,264.59080633952436,83.77509524638216,585.9316409673766,3.1997107691911013e-06,295342.4662750914,0.08599846395211086,0.01711021307424961
799960.504962659,719775.5109201708,124987.11372416295,61990.92080881774,15963.143074110605,28299.8650834658,3866.849507156091,3295.8687011864486,2962.098265810205,535.5587102382179,314.958857992139,1424.590853402188,5.001859989703622e-06,437068.81946566154,0.16491616759407235,0.008089809390035365
760948.472838336,696588.8479489876,125560.72605489036,57843.23045567941,16503.591775149376,27199.75960531629,2561.8870173491678,3671.926930355941,2994.629744823441,794.564754983895,114.86771325047975,758.884398214447,1.6308983028747874e-06,347066.9282987388,0.107230675163502,0.01534455634753971
760045.3240097694,709681.9521534375,132348.08084641484,58788.244128590755,16558.571294546102,27687.396455886246,1854.2382318186014,3646.7445212976527,3054.2235698276113,900.502133387152,149.61268939139399,689.6448615989814,2.0399197581157865e-06,433449.06105258834,0.1536190957765273,0.015301651048410487
801592.7764483332,751863.0650018703,125085.3759739896,58896.014550661,16032.962710174217,28095.966290174933,2211.0239316555967,3674.079689951091,3028.5154601554395,551.1789526210923,140.3885475429619,754.5315736622389,2.6553649441790436e-06,325614.3262880644,0.09175376355484306,0.013431441052453395
785023.8526118442,735918.1025364981,124980.96618656674,61264.844762687426,15788.723462052732,27145.25886447325,2208.4114566040707,3381.3403984502665,2805.3580600975183,533.22245021837,264.5462970140692,1018.9855958829764,3.6619721152469974e-06,346948.55986327457,0.123010398322121,0.012460753990496762
771855.0294585472,747744.922678108,128660.56835391399,59192.269491069914,16326.102040693468,28206.222982381303,940.3307031444054,3578.0078063691467,3004.874467076032,745.1014329913858,162.99738443224334,793.4600858504676,2.181232567419288e-06,355075.1645080074,0.1183198140941137,0.012485692333213382
731605.0992036167,717311.6777423427,137257.63812102584,59611.77341918528,16920.94262025795,26523.070206913522,477.91992033583216,4021.332206661802,2881.2004249422,2003.0839066516955,220.64603235724863,756.6026090862946,1.0000000014263703e-08,337440.77654478454,0.10955710433247362,0.020426684576050062
752503.9717410795,715065.2550408437,126716.23799756399,56854.79121856028,16754.12189070768,27469.644722568362,1766.017783459161,3544.6937367449373,2695.3522769126926,842.3957187252963,65.26690480062562,694.137520087283,3.3505728696594006e-06,301025.31857673766,0.10048256152703948,0.01657100704245433
754555.630121678,717498.0402674777,125750.77574871553,61641.127537364526,16510.237667865353,27114.74517805938,1786.9694939687997,3417.405202441662,2943.336332815222,600.9109612837041,339.45345393016936,987.2411511153703,4.023270218847923e-06,436703.73671940586,0.1726918366057241,0.015697259799537656
754305.8655648627,727981.3292384499,120393.4933287258,61777.592029070074,16450.108393512575,26549.61697697252,1112.1712261645562,3688.7823190395557,2847.190205162074,236.58578834593848,299.23804464790754,845.4144238284651,2.440901588918579e-06,304199.8946078692,0.11224097318971954,0.010396611370376244
787855.2523297301,745327.4011324443,117952.55115553897,58100.55996328992,15553.283476694129,28585.424788724144,2732.648635225041,2933.5387750839577,2792.194992013251,127.01257457293842,122.80117849990606,762.7055878461897,5.974322528032904e-06,431376.4045864652,0.1358747458966181,0.012575598585454206
737620.7269060838,720889.7799112274,125162.53253174902,60667.6838451143,16936.926107874402,27190.69602840771,782.836523428388,3375.940993162019,2925.494518687563,573.3777124270254,215.98235472534924,762.8308944341248,3.6330909126104897e-06,353914.13048340514,0.11410377075918922,0.010928924159842153
758621.1338146094,741251.4588715195,129506.47088012614,60846.47057621267,16038.646817651339,27004.882923978304,633.0889440556099,3645.966254625703,3090.9567557161095,712.6123932362015,221.26958645703166,797.088592920416,1.3393287573606766e-06,365920.670940843,0.12395337829118291,0.011924470752494646
773178.8157642123,730397.1481030004,121115.44337244573,60565.546691622134,16220.78786123077,26322.781743075244,2120.6748726932574,3296.5212789382326,2830.3142564682903,302.5919027934535,226.15174648769533,716.2412588987971,3.768967405223153e-06,308018.71869747655,0.09306430689151889,0.013521410435628772
772817.7011582599,746639.8661702104,122418.3848571864,59998.471188150215,15963.464826865636,27487.103203113875,901.5569219427649,4057.6954544301984,2959.480871669009,471.4955523197732,187.9116509242484,812.2357068205513,1.15302181218582e-06,313270.4201383991,0.11920398398803608,0.009105931657097832
756436.6423660272,725454.0020079709,120268.08389444702,58762.95371239492,16186.370526942806,26788.85397169745,1546.590141968894,3166.853014693101,2899.964704104321,290.06739388835416,137.4833256326596,730.4295065403036,4.803079647031331e-06,440663.524392947,0.1620049723798021,0.0163128471428161
763427.5506595775,736773.8740871873,121737.03649929009,60341.22425885307,16201.561261582712,28434.49423083782,1279.303818168786,3488.397516005494,2780.407848253692,408.2755278068655,218.43796035193714,771.5460825035949,4.310685069968207e-06,337345.7433504013,0.11366340908773691,0.011722624568356437
764842.951325088,741986.546995427,122623.62290692239,60477.69370329646,16114.092170895137,26852.974294301544,1096.1934150014492,3275.581813215205,2947.8235700976106,387.3767680564471,197.90735637631528,856.2854620735328,3.745684586442726e-06,388673.8897311944,0.13139019909158936,0.012295585698386392
787659.880939062,762179.8110646677,128125.06968026291,61281.276490928976,16000.73031656951,26787.254822709936,1042.284285747122,3541.192262835463,2759.0497031593227,1072.4702297904992,272.0109084060944,830.4774487598512,1.836202428233344e-06,270835.1705702652,0.08285643170132687,0.014336931843505927
762580.9746135316,735985.1906393036,119699.64507072781,58600.52751945052,16524.113493429166,27283.066687575763,1234.3320229989627,3566.804593016651,2982.7762958377907,192.7430403297067,160.4688470966846,864.2070058345608,3.735168430674649e-06,335339.9442460063,0.10760435867323365,0.0090315399809033
740296.0986109701,727367.6334382648,120103.93450550936,62172.182002464964,16655.25031359968,26728.923905984033,582.3810405161972,3632.523727664123,2833.515719985209,378.34636763391603,340.2542825583491,990.9496889838164,3.8428133048642115e-06,378926.3147470127,0.1479421580892865,0.011076627472402989
785794.1075789846,735578.8217444068,126050.93839318381,60501.41427272276,16171.272018210697,27202.975276506506,1820.1399579039194,3821.10977196515,3085.0300179898195,792.8977005315056,205.05315255605714,767.3611470899384,2.0336284107620296e-06,396492.30822253943,0.14913317191471964,0.013356993020425468
760166.2374201181,730746.3054182311,130198.0400332286,60859.44996016419,16507.996152723335,27139.14684561448,1223.0034105414413,3383.629142802753,3037.9179412827625,1184.5606229512387,241.64325256087287,813.9635344502402,3.6477942554044943e-06,480390.13592470443,0.19999999999808551,0.012587478217708056
787284.436438167,765861.9218831784,122333.15504533178,61438.08744303417,16111.891093788214,27916.22876572365,1632.7636151739594,3230.3711606524926,2749.399123105505,367.9935125309644,248.09444351135824,875.5617307311103,5.5262409218234814e-06,264301.4567713213,0.05508263655825921,0.012648677008630921
810325.1765501383,757511.5658457734,116953.54649567185,59169.60650111953,15503.937400262792,27938.92687914477,2748.6143206314646,3535.5810870004757,2498.401267328254,114.01965950303945,152.90899045802027,911.8272970315307,4.779970344734085e-06,304760.58442091383,0.11701394479431874,0.019564398238827198
817150.0212626563,769698.878795078,125964.897216355,59613.936312415644,15456.625959143315,29050.688806046055,1878.4781493506655,3673.7621964669397,3036.621704821686,702.0589301998506,151.07853058757368,753.881327903389,2.8575445975083744e-06,426316.6023501076,0.15167725404784826,0.0135083475505784
773558.8506319409,730549.2160118266,119158.90365697471,57843.15449385381,16089.215725208793,27263.97796503391,2213.2335422427377,3141.444175819413,2741.8155427547526,191.174333966816,85.99912130285186,724.2407686853242,5.05536934909407e-06,349191.45713386306,0.14121847451447445,0.014526694168363304
762716.2796766387,743566.5130452235,123155.31349594308,63580.82421206497,16307.212370670106,26868.24172076038,846.8870656835106,3390.998143245379,2738.438204693126,441.32441797820223,346.55248872563567,909.4234606186634,3.989194020083707e-06,358211.14880111656,0.14220641534825657,0.011123285502348831
757274.9631813397,722021.7777012783,127083.99426353813,60739.95634632633,16257.693235008579,27011.231501472434,1369.7565547014945,3332.6062184530783,2905.2111918654896,842.92968952272,252.76016275314436,872.2864293809023,3.291770282812008e-06,436520.00686431106,0.16614315191808046,0.015420901429135754
785026.324652614,735788.096298978,125473.84707767404,58568.66847493439,16121.693263345307,29118.766117420757,1891.1860348252278,3612.667398320992,3044.3002994138574,650.9958654261044,143.6919335819878,674.2128055380012,2.250937517698467e-06,357531.6664201087,0.11724464098985707,0.012128892046095989
780422.4752382144,751124.66462019,124034.76133109618,60790.94006339234,15800.193040582833,27605.6914428944,1592.9336365398956,3116.056078543782,2851.4609846788944,573.0156755055901,225.9914750110099,671.2489348672726,5.164972185801906e-06,448922.81272451166,0.1490938843329232,0.0160919796684472
