ll,T_DH,N_anc,N_D,N_Y
-39.91806086822787,729758.9703549186,16803.371748437705,3807.893890226049,27036.331527490565
-29.40479090548893,759328.1474394276,16603.78164283414,3806.736282589533,26806.387794306025
-37.15725460030441,756363.1996309445,16415.58304049885,4076.379801715055,27356.14616551248
-33.29412417394501,786097.4123368268,16006.152413958956,3938.1631626532135,28491.12042650399
-35.455575513503575,736219.549651226,16889.979138897495,3949.011233951521,26561.86078170124
-43.672768841676096,739509.6463445525,16876.176522366928,4006.025629017878,27055.068864336023
-36.942624084508935,815714.7497578078,15959.356844404434,3833.5732881818662,28534.956938895
-39.251754658501525,746157.2045385484,16572.788089314294,3658.79627687673,27807.444604904176
-32.950229239423535,784647.4677833649,16026.319786583204,3766.493100961831,27765.448601951484
-35.202653029313424,795660.4229496951,16015.956401470812,4028.46880160815,27196.90193303335
-38.26123093575381,777884.0306547802,16457.596273190764,3949.6589250923303,26857.79706228369
-30.030303806561182,754753.4471353478,16582.602959724176,3682.7277277406247,27585.27760389084
-35.298498761267936,767259.9631211724,16463.084162603187,3970.84104052474,27421.4454950161
-33.92106968160539,789499.701411137,16284.825366650111,3999.201064688095,28070.002409867808
-36.50584579252005,731934.4391991651,16479.42670512584,3869.910582133051,26026.779921475707
-28.638411970846484,746464.7342135194,16960.556574446826,3826.320335487236,26753.829595186584
-38.30539723275877,787520.8024970173,16159.842051227726,4056.433942485888,28861.159343550426
-32.94135679777732,747031.430868423,16721.045244575897,3786.6332452735214,27427.10195810974
-31.887758624107192,772132.7705212949,16189.602220621073,3857.117313501295,27640.531052239272
-44.31929884875339,718795.5314750503,16865.2208794153,3775.798152642458,26065.351008939844
-41.81632840634834,788223.878310667,16013.599697563664,4016.399352273445,27469.33893671304
-32.99999797234257,773501.4757982357,16062.197157240478,3805.881384787531,27221.213428843832
-23.32706678139398,768684.7825917723,16229.709497131633,3650.744668788581,27361.827045512367
-34.90305057597332,760205.5050849632,16446.398325794748,4032.968269620545,27616.50677017308
-37.31961739238824,750525.1994609453,16885.055799651986,3883.3876203470354,26661.272599423926
-33.73794596286524,777285.2966911881,16108.77468174252,4011.406822166018,27570.279213202648
-35.44140338404731,765173.796056679,16700.7493707383,3919.866593752088,28682.333592701456
-35.34486267063845,767961.3905454291,16484.56747127332,3855.1500640095096,28008.64471784392
-40.19427256897342,767181.7923840625,16508.304439424825,3960.0210028361807,27528.098709324368
-43.69094989738197,712415.4236189408,17268.771834076695,3848.441279997834,26424.41201362359
-37.94119355236875,718541.91837679,16858.183400069902,4158.039319630831,25374.042334325382
-35.390784039306794,752905.4744594829,16544.73516930879,3695.503226550144,28409.63323036349
-34.02482655262473,770224.2388054406,16319.849378375777,3807.4649443717926,28028.335248202853
-47.07179604628352,722343.1922139463,17493.090770672017,3873.404113110378,27349.35181458031
-39.01390069803408,710817.1056321458,17411.01713497784,3843.70594352927,26080.427966270265
-36.25724202689976,770773.9476629022,16345.521945847113,3745.45042100245,26455.8956297158
-36.64445606334852,763093.4819380451,16335.037079466036,3939.492864379961,27721.96338913235
-31.365578154664767,769585.8227761398,16234.506593787017,3962.091230724828,27025.318832592915
-25.520393237560903,767109.4360833134,16177.467517711675,3748.885528267935,27242.63106832275
-37.598551305715326,780459.7758114262,16103.301404275797,3921.860956225528,27371.88859950043
-39.00133917821021,750161.3040000857,16954.456736787226,3774.459577975247,26629.754412225266
-39.51982746050548,775240.6148809802,16183.846339097105,3744.0007531050255,26505.132812016735
-38.63207960741724,734192.2122707785,17182.216406068077,4078.946098381863,25863.3537306832
-39.69430418974231,766107.725170913,16260.941641408166,3798.927965596984,27172.444589622737
-35.65495705883556,777163.4470186076,16125.911151005392,3741.59134165371,27161.804990673245
-37.78690937880172,762445.9435440243,16852.13513329651,4066.0034661734057,27477.29846783472
-34.98142110067799,744076.2595080556,16720.314040868823,3765.835982218053,27050.624734791232
-34.80523816905147,741816.1800568142,16517.079877929464,3969.454142024672,25998.82846445284
-32.46530473148509,782841.1180775705,16399.42981652058,3960.910577790231,28008.41697633413
-40.892754454718656,809710.3499607207,15815.18647103696,3933.1344474582656,28606.63052885501
-39.21096627972192,740885.6720593766,17031.427790537917,3722.477835635454,26969.35254559364
-45.708579875338046,691501.4369525034,17738.621882982927,3838.694215513253,26010.133823975084
-43.55203249537479,771467.2290369429,16417.360512411648,3929.427216341168,27516.47813516576
-41.95472431393154,731284.4789704874,17248.728985490703,3886.143503459914,26834.606203754305
-30.124084566091263,742694.7905538894,16575.549548248502,3669.8775383414554,26895.522239785336
-34.71175775679176,768442.6126090382,16460.926461947223,3770.8699274433047,28333.08832814116
-47.80152221095653,778869.8051345402,16164.212507699069,4041.9515208316425,27504.787967809072
-27.73452991779773,795050.2159035588,15847.248963934437,3734.8999182948864,28268.119381850283
-33.10177923432697,760965.2841278202,16556.68100602343,3770.0687646694714,28018.686511265027
-32.16507626406778,791295.9806141902,16084.484443210817,3794.9488645637753,28463.715114310715
-28.435400456156977,742384.5159227013,16515.21345374812,3770.112318808101,25938.92162627192
-24.986173438024156,746826.4380762976,16287.9824034972,3871.55409374884,26976.41061383574
-44.5481490226501,758242.6758334859,16569.273882118534,3719.456337170268,27988.975957644205
-31.85868715684669,797474.2665434355,16148.663843451995,3818.685219871264,28395.02205555193
-29.3107501578733,788737.1260262496,16083.588021135398,3812.848744264509,27307.732430615943
-26.38439700506736,752149.7398438619,16447.82675768277,3627.444462880628,27522.441255942653
-49.41409370742356,765902.5916516075,16554.101953581205,3804.984088357084,27671.570636504843
-42.69485280015087,781175.0955289637,16373.362640800984,4055.98505996939,27205.497096435825
-38.896478634703705,748212.9974072769,16479.268721604403,3849.0963778039127,27632.60419572225
-28.899609496329116,743352.4067654891,16463.680205798843,3772.917230082602,27649.51817161902
-44.5132262298016,753981.4050403328,16739.04188089619,3844.1702608059577,28011.351952459067
-50.44017628148731,723598.0116568551,16900.446249028802,3810.2108624665625,27000.078322634705
-41.441170316075926,781568.6988412928,16324.298620007352,3990.4804709048585,27349.868344181745
-40.34607601420068,730156.813563233,16780.382335559218,3704.0539985836513,24854.648011914986
-44.56662397558316,763366.6137818141,16833.536334057764,3919.023601788049,27864.914533985306
-45.40608098382002,739969.8863518917,16904.487682329527,3895.170763516154,28281.69416069577
-42.12767355582783,764622.9719835963,16379.027781262164,3855.3714278314183,28642.68349411204
-28.114624547968223,766843.1380932707,16284.462277682249,3915.199181695085,27957.09877255991
-41.59203768411874,775020.0904677298,16124.629495377265,3773.305728822509,27410.3941931112
-43.08537116392309,754793.9589623909,16751.090776272387,3890.53767418296,27262.699961032547
-40.69587537825035,773976.0466327495,16439.233157980303,4063.157293261698,27483.84002050026
-33.66779938888808,721708.9371362112,16847.50101246505,3802.081012784757,27262.662101926664
-34.00413454416465,738988.2353943947,16636.63562753117,4023.4985896280864,27481.404025578024
-33.73577284702488,787231.8984895678,16059.1626445266,3800.0532056970487,27775.04197162492
-43.54399016224375,722854.4950826154,17255.046849356306,3981.4384550774334,27883.98647896764
-27.43849782617296,722655.6770619281,16597.656597287307,3698.3407768926577,25929.86367506641
-31.524371481176797,759120.0855158733,16571.218888074673,4107.264812601908,25933.73654406104
-40.65925292494919,783593.2433159035,16611.413224790413,3691.783005868312,27053.0461270208
-44.50279326435256,783847.6784054075,16261.269150091275,3989.6451107035537,26528.19501951732
-43.792525922265824,745101.2716098512,16875.60376012992,3918.843212825184,27837.899399347967
-35.213803530663,750422.0388463786,16472.46177330912,3814.313238777893,27632.46007230281
-28.378229970040447,794339.276985993,15914.078420701757,4003.901325286989,28565.14714250758
-46.24974911732398,720898.3148883014,17047.19258133002,3787.1782758801246,26461.667620380656
-36.63090957852788,785059.0568560932,16080.410113363823,3760.003940256799,27817.49129794386
-40.53112305481433,750577.3243663731,16559.782183754844,3776.9963453597834,27525.742406277637
-27.0361394924742,789502.877806567,15740.594528485752,3833.378199120179,27728.138842050197
-40.42319516220958,778544.3226156557,16485.633596619402,3781.0978968232894,28868.40508963004
-35.54263033974728,749867.0112476834,16364.370691967311,3719.736007724288,26494.63926578725
-38.187931916546376,770251.1645057079,16441.23447737294,3802.864860016506,28437.558394517066
-40.97149001042871,759455.7220543448,16704.202341822187,3963.238052935755,27523.886984524823
