model,T_NDH,T_ND,T_pHN,N_Anc,N_Kho0,N_KhoBot,N_ND,N_Den,N_Alt,p_HN,N_Mbu,N_Yor,N_Cha,N_Vin
alt_kho_Bherer,7754.871209202736,3641.2377022400647,58947.22858725969,241.08264353408984,2478.124517291774,8.6626551685349,360.26451599709617,129.20808615476693,208.25292553223053,0.038293784545427464,,,,
alt_mbu_Bherer,24484.066323933985,18157.15903755949,42677.61053733237,433.8758067256028,,,613.4295005354309,145.56565301463704,169.89896781446544,0.020473601028667906,793.8546472692736,,,
alt_yor_Bherer,6185.235231689692,3875.4196418822953,47176.87161438927,226.3862862008276,,,344.9287825433649,128.01190454961986,167.6911128410132,0.024251286992516143,,640.7625324798348,,
cha_kho_Bherer,3914.121355587582,3080.8226252551763,74769.28573417937,220.40550469055984,2215.8267245523857,6.45227840960432,265.635615760396,129.5830078511186,,0.039944130360957654,,,258.01502805151955,
cha_mbu_Bherer,23975.505481151766,30314.296903921215,45183.73971072703,428.16588552243803,,,872.7404572312066,159.92920751100596,,0.019238784127590215,700.3254802258184,,196.33845565646595,
cha_yor_Bherer,7603.175165727059,4414.332616672596,43032.87471815899,237.89339933558216,,,438.6925845232096,124.57477984814744,,0.020745303815335018,,659.572329914575,170.00600119920145,
vin_kho_Bherer,7373.014622482354,4312.7243690523,31349.684115413253,241.12368306141104,2097.939824306354,4.874198897259218,426.64384916597334,125.33833823858785,,0.023190854946584245,,,,110.76754093739467
vin_mbu_Bherer,42391.0797268427,38465.437003177154,23566.983588915235,689.8019143000794,,,629.832286279403,186.98209643121237,,0.014169193515443698,1216.6137400546054,,,108.4384144734016
vin_yor_Bherer,5793.85395864251,3944.099443473808,26383.265785665004,225.1694757210354,,,363.6393084336457,125.27730771961939,,0.015513339321770967,,630.6804641669343,,97.80989423524416
